-34.97,50
-35.17,100
-35.16,150
-35.24,200
-34.96,250
-35.26,300
-35.05,350
-35.18,400
-35.14,450
-34.84,500
-35.24,550
-35.04,600
-35.00,650
-34.91,700
-35.32,750
-34.59,800
-34.99,850
-34.90,900
-34.54,950
-34.62,1000
-35.10,1050
-35.35,1100
-35.04,1150
-35.07,1200
-35.13,1250
-35.00,1300
NaN,1350
-34.73,1400
-34.93,1450
-34.40,1500
NaN,1550
-34.79,1600
-34.52,1650
-35.09,1700
-35.13,1750
-34.72,1800
-34.67,1850
-34.79,1900
-34.42,1950
-34.71,2000
-34.25,2050
-34.76,2100
-34.72,2150
-34.58,2200
-35.11,2250
-34.71,2300
-34.19,2350
-34.95,2400
-34.78,2450
-34.75,2500
-34.71,2550
-34.92,2600
-35.01,2650
-34.56,2700
-34.98,2750
-34.58,2800
-34.71,2850
-34.55,2900
-35.10,2950
-34.80,3000
-34.59,3050
-34.72,3100
-34.65,3150
-34.53,3200
-34.12,3250
-34.73,3300
-35.13,3350
NaN,3400
-34.38,3450
-34.95,3500
-34.52,3550
-34.58,3600
-34.67,3650
-34.82,3700
-34.82,3750
-34.91,3800
-34.96,3850
-34.98,3900
-34.49,3950
-34.73,4000
-34.41,4050
-34.77,4100
-34.70,4150
-34.64,4200
-34.75,4250
-35.13,4300
-35.01,4350
-34.92,4400
-34.82,4450
-34.87,4500
-34.91,4550
-35.44,4600
-34.63,4650
-35.32,4700
NaN,4750
-34.57,4800
-34.68,4850
-34.52,4900
-34.75,4950
-34.61,5000
-34.77,5050
-34.43,5100
-34.59,5150
-34.62,5200
-35.05,5250
-35.02,5300
-35.18,5350
-34.73,5400
-34.54,5450
-34.53,5500
-34.53,5550
-34.66,5600
-34.74,5650
-34.80,5700
-34.77,5750
-34.72,5800
-34.72,5850
-34.57,5900
-34.65,5950
-34.77,6000
-35.09,6050
-34.51,6100
-34.84,6150
-35.02,6200
-34.72,6250
-34.79,6300
-34.65,6350
-34.83,6400
-34.83,6450
-35.03,6500
-34.75,6550
-34.68,6600
-34.91,6650
-34.45,6700
-34.17,6750
-34.24,6800
-34.22,6850
-34.61,6900
-34.62,6950
-35.07,7000
-34.85,7050
-34.78,7100
-35.01,7150
-34.98,7200
-34.58,7250
-34.56,7300
-34.44,7350
-34.54,7400
-35.02,7450
-34.62,7500
-34.55,7550
-34.42,7600
-34.26,7650
-34.30,7700
-34.23,7750
-34.38,7800
-34.53,7850
-34.44,7900
-34.69,7950
-34.99,8000
-35.15,8050
-35.35,8100
-36.29,8150
-35.36,8200
-34.60,8250
-34.72,8300
-34.80,8350
-34.71,8400
-34.72,8450
-34.72,8500
-34.56,8550
-34.70,8600
-34.58,8650
-34.35,8700
-34.48,8750
-34.77,8800
-34.13,8850
-34.33,8900
-34.81,8950
-34.53,9000
-34.40,9050
-34.59,9100
-34.73,9150
-35.06,9200
-34.79,9250
-34.31,9300
-34.22,9350
-34.70,9400
-35.31,9450
-35.03,9500
-34.76,9550
-34.49,9600
-34.71,9650
-34.31,9700
-34.69,9750
-34.96,9800
-35.09,9850
-34.74,9900
-34.51,9950
-34.99,10000
-35.41,10050
-35.43,10100
-34.85,10150
-35.53,10200
-35.35,10250
-35.60,10300
-36.00,10350
-35.74,10400
-35.43,10450
-35.86,10500
-35.71,10550
-35.78,10600
-35.93,10650
-36.24,10700
-35.78,10750
-35.99,10800
-36.47,10850
-36.75,10900
-36.53,10950
-36.29,11000
-36.47,11050
-36.51,11100
-36.88,11150
-36.03,11200
-36.63,11250
-36.69,11300
-37.95,11350
-37.28,11400
-36.78,11450
-36.36,11500
-36.48,11550
-37.63,11600
-40.07,11650
-39.23,11700
-39.77,11750
-40.54,11800
-40.30,11850
-39.28,11900
-39.10,11950
-39.36,12000
-40.07,12050
-39.80,12100
-40.47,12150
-40.12,12200
-39.28,12250
-40.58,12300
-39.25,12350
-40.80,12400
-40.37,12450
-40.47,12500
-41.38,12550
-40.75,12600
-39.20,12650
-40.24,12700
-39.55,12750
-39.00,12800
-38.25,12850
-38.19,12900
-38.02,12950
-38.58,13000
-40.59,13050
-39.32,13100
-39.45,13150
-38.26,13200
-38.16,13250
-37.54,13300
-38.04,13350
-37.33,13400
-37.56,13450
-37.39,13500
-38.06,13550
-37.54,13600
-37.73,13650
-37.24,13700
-37.81,13750
-37.82,13800
-37.48,13850
-38.13,13900
-39.22,13950
-38.46,14000
-37.56,14050
-37.57,14100
-36.92,14150
-36.65,14200
-35.79,14250
-36.36,14300
-35.82,14350
-35.47,14400
-35.25,14450
-35.78,14500
-36.53,14550
-37.43,14600
-39.73,14650
-40.16,14700
-39.07,14750
-40.18,14800
-39.02,14850
-39.94,14900
-40.15,14950
-39.66,15000
-37.57,15050
-38.68,15100
-38.80,15150
-38.84,15200
-39.99,15250
-38.95,15300
-40.63,15350
-39.05,15400
-39.26,15450
-39.72,15500
-39.39,15550
-38.84,15600
-39.88,15650
-40.68,15700
-41.62,15750
-39.40,15800
-39.96,15850
-41.08,15900
-40.40,15950
-41.07,16000
-40.94,16050
-40.34,16100
-38.72,16150
-40.40,16200
-40.64,16250
-40.39,16300
-39.34,16350
-40.27,16400
-39.81,16450
-39.55,16500
-40.51,16550
-39.50,16600
-41.25,16650
-40.29,16700
-40.49,16750
-40.45,16800
-41.21,16850
-41.24,16900
-40.43,16950
-39.23,17000
-39.58,17050
-40.93,17100
-40.84,17150
-40.82,17200
-41.21,17250
-40.86,17300
-41.30,17350
-40.84,17400
-39.94,17450
-40.43,17500
-40.45,17550
-39.85,17600
-40.96,17650
-40.12,17700
-40.22,17750
-39.72,17800
-40.64,17850
-40.66,17900
-40.80,17950
-40.25,18000
-39.11,18050
-38.81,18100
-40.19,18150
-40.60,18200
-40.19,18250
-39.14,18300
-39.97,18350
-39.93,18400
-39.53,18450
-39.66,18500
-40.04,18550
-39.47,18600
-39.30,18650
-40.55,18700
-39.24,18750
-40.25,18800
-39.29,18850
-39.24,18900
-39.21,18950
-40.17,19000
-39.04,19050
-38.71,19100
-39.42,19150
-39.52,19200
-38.27,19250
-38.89,19300
-40.24,19350
-39.60,19400
-40.35,19450
-39.98,19500
-39.23,19550
-39.25,19600
-39.89,19650
-40.67,19700
-40.08,19750
-39.30,19800
-39.64,19850
-40.78,19900
-38.99,19950
-39.93,20000
-39.95,20050
-39.69,20100
-39.96,20150
-39.82,20200
-40.64,20250
-41.54,20300
-40.35,20350
-40.38,20400
-39.91,20450
-39.76,20500
-38.71,20550
-38.98,20600
-39.55,20650
-40.03,20700
-40.00,20750
-39.78,20800
-39.19,20850
-41.02,20900
-40.66,20950
-41.19,21000
-40.57,21050
-41.62,21100
-40.63,21150
-41.00,21200
-41.37,21250
-41.37,21300
-41.59,21350
-41.41,21400
-41.40,21450
-41.36,21500
-41.54,21550
-41.07,21600
-41.70,21650
-40.27,21700
-40.92,21750
-41.02,21800
-41.01,21850
-40.40,21900
-41.28,21950
NaN,22000
-41.30,22050
-40.14,22100
-40.60,22150
-39.93,22200
-40.05,22250
-40.94,22300
-40.99,22350
-40.98,22400
-39.43,22450
-40.80,22500
-40.86,22550
-40.85,22600
-40.53,22650
-41.07,22700
-40.38,22750
-40.86,22800
-38.68,22850
-39.50,22900
-40.21,22950
-40.30,23000
-40.26,23050
-40.45,23100
-40.52,23150
-39.03,23200
-38.34,23250
-39.61,23300
-40.76,23350
-41.99,23400
-40.96,23450
-41.98,23500
-41.49,23550
-42.39,23600
-41.95,23650
-41.32,23700
-42.33,23750
-42.10,23800
-42.18,23850
-42.13,23900
-42.67,23950
-42.02,24000
-41.77,24050
-42.14,24100
-41.33,24150
-42.15,24200
-41.29,24250
-40.54,24300
-41.22,24350
-39.83,24400
-40.47,24450
-41.64,24500
-41.75,24550
-41.58,24600
-42.26,24650
-41.34,24700
-41.84,24750
-42.91,24800
-40.54,24850
-41.98,24900
-39.76,24950
-40.42,25000
-40.47,25050
-41.10,25100
-41.47,25150
-41.77,25200
-40.77,25250
-41.54,25300
-41.42,25350
-41.28,25400
-41.81,25450
-42.39,25500
-42.64,25550
-43.05,25600
-43.11,25650
-41.64,25700
-41.66,25750
-40.79,25800
-41.41,25850
-40.77,25900
-42.07,25950
-41.19,26000
-41.82,26050
-40.53,26100
-39.39,26150
-41.13,26200
-40.73,26250
-40.53,26300
-41.41,26350
-40.82,26400
-41.18,26450
-40.62,26500
-40.63,26550
-40.88,26600
-41.89,26650
-40.95,26700
-40.88,26750
-40.78,26800
-39.71,26850
-39.77,26900
-40.77,26950
-41.76,27000
-40.50,27050
-40.19,27100
-40.13,27150
-41.23,27200
-41.09,27250
-40.67,27300
-41.65,27350
-41.76,27400
NaN,27450
NaN,27500
-38.27,27550
-38.12,27600
-37.29,27650
-38.75,27700
-40.85,27750
-41.09,27800
-40.16,27850
-41.87,27900
-42.13,27950
-41.74,28000
-39.94,28050
-41.43,28100
-41.87,28150
-41.47,28200
-41.93,28250
-40.88,28300
-42.01,28350
-41.90,28400
-40.95,28450
-41.50,28500
-39.10,28550
-38.50,28600
-38.34,28650
-38.34,28700
-37.63,28750
-38.81,28800
-40.59,28850
-40.20,28900
-41.59,28950
-41.89,29000
-42.01,29050
-42.04,29100
-40.41,29150
-41.12,29200
-42.48,29250
-41.84,29300
-41.00,29350
-41.99,29400
-41.31,29450
-43.08,29500
-43.02,29550
-43.01,29600
-42.59,29650
-41.52,29700
-41.63,29750
-42.56,29800
-42.24,29850
-42.91,29900
-42.49,29950
-42.73,30000
-42.38,30050
-42.45,30100
-42.61,30150
-43.01,30200
-42.27,30250
-41.54,30300
-41.84,30350
-41.15,30400
-41.51,30450
-42.77,30500
-41.99,30550
-42.05,30600
-41.11,30650
-41.16,30700
-42.17,30750
-41.09,30800
-42.97,30850
-42.83,30900
-42.09,30950
-43.18,31000
-42.07,31050
-42.53,31100
-41.28,31150
-41.43,31200
-42.63,31250
-42.54,31300
-42.67,31350
-41.35,31400
-42.36,31450
-42.64,31500
NaN,31550
-43.25,31600
-41.72,31650
-42.04,31700
-41.73,31750
-42.08,31800
-42.25,31850
-40.81,31900
-40.54,31950
-39.83,32000
-40.09,32050
-39.32,32100
-39.13,32150
-39.09,32200
-38.85,32250
-38.02,32300
-38.12,32350
-38.47,32400
-41.21,32450
-41.85,32500
-41.29,32550
-41.42,32600
-42.37,32650
-42.29,32700
-42.66,32750
-43.03,32800
-41.53,32850
-42.46,32900
-42.52,32950
-42.88,33000
-41.71,33050
-42.85,33100
-42.27,33150
-43.78,33200
-42.83,33250
-41.23,33300
-39.73,33350
-39.30,33400
-38.94,33450
-38.93,33500
-38.98,33550
-37.96,33600
-40.06,33650
-40.77,33700
-41.05,33750
-41.97,33800
-41.36,33850
-41.70,33900
-42.28,33950
-41.51,34000
-40.64,34050
-41.44,34100
-41.32,34150
-42.02,34200
-42.02,34250
-42.22,34300
-42.19,34350
-41.83,34400
-42.35,34450
-41.22,34500
-42.58,34550
-42.00,34600
-40.91,34650
-39.29,34700
-39.55,34750
-39.44,34800
-39.88,34850
-40.26,34900
-40.07,34950
-38.89,35000
-39.22,35050
-38.25,35100
-38.23,35150
-38.91,35200
-38.25,35250
-38.17,35300
-38.01,35350
-39.43,35400
-41.38,35450
-41.86,35500
-42.13,35550
-40.90,35600
-42.09,35650
-42.48,35700
-42.07,35750
-41.99,35800
-40.97,35850
-43.40,35900
-43.76,35950
-41.92,36000
-41.72,36050
-41.64,36100
-41.78,36150
-41.60,36200
-42.15,36250
-41.56,36300
-41.81,36350
-41.15,36400
-41.91,36450
-41.72,36500
-40.47,36550
-39.50,36600
-39.02,36650
-40.00,36700
-38.97,36750
-39.97,36800
-40.94,36850
-40.35,36900
-41.05,36950
-39.70,37000
-39.54,37050
-38.76,37100
-38.49,37150
-38.83,37200
-38.47,37250
NaN,37300
-38.73,37350
-38.16,37400
-38.06,37450
-38.67,37500
-37.98,37550
-37.99,37600
-37.81,37650
-37.56,37700
-37.59,37750
-37.47,37800
-37.92,37850
-37.68,37900
-37.50,37950
-37.41,38000
-37.23,38050
-37.06,38100
-40.03,38150
-41.13,38200
-41.08,38250
-41.73,38300
-42.07,38350
-40.75,38400
-41.70,38450
-41.06,38500
-41.91,38550
-40.53,38600
-41.18,38650
-41.70,38700
-40.80,38750
-41.70,38800
-41.26,38850
-41.27,38900
-41.90,38950
-41.77,39000
-41.41,39050
-41.07,39100
-40.61,39150
-40.44,39200
-41.05,39250
-42.51,39300
-42.07,39350
-42.13,39400
-42.18,39450
-41.35,39500
-41.39,39550
-41.52,39600
-42.07,39650
-41.61,39700
-41.52,39750
-40.78,39800
-41.23,39850
-40.69,39900
-39.40,39950
-38.63,40000
-39.12,40050
-40.52,40100
-40.32,40150
-39.94,40200
-40.48,40250
-40.22,40300
-41.79,40350
-41.35,40400
-40.29,40450
-41.05,40500
-40.85,40550
-41.03,40600
-42.49,40650
-41.65,40700
-40.62,40750
-41.05,40800
-40.57,40850
-40.01,40900
-38.87,40950
-38.78,41000
-38.47,41050
-39.02,41100
-39.16,41150
-39.04,41200
-37.99,41250
-38.10,41300
-37.76,41350
-40.54,41400
-40.73,41450
-41.38,41500
-40.80,41550
-41.20,41600
-40.78,41650
-41.73,41700
-41.17,41750
-41.49,41800
-41.54,41850
-41.54,41900
-41.66,41950
-41.41,42000
-41.58,42050
-41.90,42100
-40.43,42150
-39.35,42200
-39.53,42250
-39.60,42300
-39.86,42350
-39.09,42400
-40.17,42450
-39.63,42500
-39.59,42550
-38.71,42600
-39.02,42650
-38.55,42700
-38.48,42750
-37.98,42800
-38.54,42850
-38.53,42900
-38.18,42950
-38.17,43000
-38.52,43050
-37.53,43100
-38.41,43150
-37.96,43200
-38.20,43250
-40.97,43300
-41.64,43350
-41.94,43400
-41.76,43450
-41.97,43500
-41.72,43550
-42.08,43600
-42.21,43650
-41.54,43700
-40.50,43750
-42.04,43800
-41.33,43850
-41.20,43900
-42.10,43950
-40.94,44000
-40.69,44050
-41.45,44100
-41.24,44150
-41.21,44200
-40.18,44250
-38.97,44300
-38.38,44350
-38.48,44400
-39.23,44450
-41.16,44500
-39.98,44550
-39.21,44600
-39.84,44650
-39.91,44700
-39.59,44750
-40.05,44800
-39.68,44850
-39.54,44900
-39.52,44950
-39.70,45000
-38.93,45050
-38.82,45100
-39.64,45150
-38.56,45200
-39.51,45250
-39.48,45300
-39.06,45350
-38.29,45400
-38.61,45450
-38.86,45500
-38.31,45550
-38.17,45600
-38.27,45650
-37.76,45700
-38.19,45750
-38.41,45800
-38.29,45850
-38.15,45900
-38.10,45950
-37.97,46000
-38.01,46050
-37.46,46100
-37.29,46150
-37.48,46200
-36.91,46250
-37.05,46300
-37.52,46350
-37.50,46400
-36.82,46450
-37.02,46500
-36.82,46550
-37.88,46600
-36.55,46650
-36.73,46700
-36.69,46750
-40.02,46800
-41.10,46850
-41.07,46900
-41.37,46950
-40.05,47000
-41.20,47050
-41.19,47100
-40.66,47150
-40.63,47200
-39.87,47250
-40.08,47300
-40.49,47350
-40.36,47400
-40.24,47450
-40.72,47500
-40.34,47550
-41.25,47600
-40.91,47650
-41.20,47700
-40.31,47750
-41.11,47800
-40.15,47850
-40.60,47900
-41.57,47950
-41.61,48000
-40.92,48050
-40.35,48100
-41.42,48150
-41.06,48200
-40.24,48250
-40.11,48300
-39.32,48350
-39.58,48400
-39.72,48450
-39.52,48500
-39.39,48550
-39.52,48600
-39.25,48650
-39.28,48700
-39.56,48750
-38.30,48800
-38.07,48850
-38.35,48900
-38.79,48950
-39.80,49000
-39.34,49050
-38.42,49100
-38.44,49150
-38.37,49200
-40.87,49250
-40.61,49300
-40.51,49350
-40.22,49400
-40.15,49450
-39.60,49500
-38.69,49550
-38.82,49600
-39.20,49650
-39.49,49700
-39.38,49750
-39.62,49800
-39.97,49850
-39.87,49900
-39.65,49950
-38.79,50000
-39.48,50050
-40.04,50100
-39.56,50150
-39.36,50200
-39.22,50250
-38.91,50300
-39.95,50350
-39.29,50400
-39.56,50450
-38.81,50500
-38.87,50550
-38.76,50600
-39.52,50650
-39.31,50700
-40.12,50750
-39.12,50800
-39.10,50850
-39.24,50900
-39.91,50950
-39.36,51000
-39.39,51050
-39.10,51100
-38.88,51150
-39.01,51200
-38.23,51250
-38.91,51300
-39.38,51350
-38.70,51400
-39.27,51450
-39.81,51500
-39.12,51550
-38.91,51600
-37.96,51650
-38.06,51700
-39.06,51750
-38.81,51800
-38.19,51850
-37.99,51900
-38.53,51950
-38.56,52000
-38.42,52050
-37.79,52100
-38.11,52150
-38.00,52200
-38.07,52250
-38.01,52300
-37.77,52350
-38.33,52400
-38.19,52450
-37.51,52500
-38.11,52550
-38.12,52600
-38.68,52650
-37.87,52700
-38.21,52750
-37.72,52800
-36.74,52850
-37.46,52900
-37.41,52950
-37.71,53000
-37.59,53050
-37.92,53100
-37.52,53150
-38.04,53200
-37.92,53250
-37.24,53300
-37.30,53350
-37.00,53400
-37.06,53450
-36.85,53500
-37.01,53550
-37.21,53600
-37.89,53650
-37.42,53700
-36.98,53750
-36.36,53800
-36.85,53850
-37.68,53900
-37.82,53950
-37.10,54000
-36.99,54050
-36.98,54100
-38.61,54150
-41.01,54200
-40.79,54250
-40.17,54300
-40.24,54350
-40.49,54400
-39.40,54450
-40.96,54500
-40.69,54550
-40.39,54600
-39.90,54650
-40.31,54700
-39.81,54750
-38.96,54800
-37.10,54850
-36.81,54900
-39.94,54950
-40.28,55000
-40.42,55050
-40.34,55100
-40.32,55150
-41.64,55200
-40.10,55250
-40.70,55300
-37.55,55350
-37.23,55400
-37.55,55450
-37.56,55500
-37.27,55550
-37.71,55600
-37.32,55650
-38.33,55700
-40.45,55750
-41.12,55800
-39.69,55850
-40.70,55900
-39.91,55950
-39.88,56000
-40.12,56050
-39.81,56100
-39.57,56150
-40.22,56200
-40.56,56250
-39.54,56300
-39.45,56350
-39.59,56400
-39.62,56450
-39.18,56500
-38.21,56550
-38.18,56600
-37.91,56650
-38.29,56700
-38.34,56750
-39.24,56800
-38.87,56850
-38.76,56900
-39.53,56950
-38.58,57000
-38.59,57050
-38.80,57100
-38.84,57150
-38.32,57200
-38.38,57250
-38.41,57300
-38.44,57350
-38.44,57400
-38.26,57450
-38.63,57500
-37.53,57550
-37.37,57600
-37.86,57650
-37.18,57700
-37.04,57750
-37.38,57800
-37.95,57850
-37.19,57900
-37.46,57950
-39.76,58000
-39.34,58050
-38.30,58100
-36.25,58150
-39.27,58200
-40.96,58250
-40.35,58300
-40.29,58350
-40.30,58400
-39.63,58450
-39.30,58500
-37.81,58550
-37.56,58600
-36.93,58650
-38.22,58700
-38.71,58750
-37.25,58800
-36.81,58850
-36.64,58900
-36.75,58950
-39.10,59000
-40.19,59050
-40.86,59100
-40.33,59150
-39.04,59200
-37.19,59250
-36.37,59300
-38.23,59350
-40.42,59400
-41.20,59450
-41.05,59500
-40.64,59550
-40.74,59600
-40.47,59650
-41.74,59700
-41.44,59750
-41.58,59800
-40.74,59850
-41.51,59900
-41.46,59950
-41.82,60000
-40.76,60050
-40.31,60100
-40.33,60150
-40.52,60200
-40.47,60250
-40.32,60300
-39.97,60350
-40.58,60400
-40.84,60450
-40.92,60500
-41.22,60550
-41.08,60600
-40.68,60650
-41.02,60700
-41.17,60750
-41.49,60800
-41.12,60850
-40.57,60900
-39.86,60950
-40.26,61000
-41.85,61050
-40.95,61100
-40.37,61150
-41.43,61200
-40.42,61250
-40.65,61300
-41.15,61350
-41.61,61400
-41.35,61450
-41.51,61500
-40.85,61550
-40.84,61600
-39.94,61650
-41.02,61700
-40.73,61750
-41.47,61800
-41.08,61850
-41.42,61900
-40.78,61950
-41.10,62000
-41.68,62050
-42.25,62100
-41.97,62150
-41.91,62200
-41.76,62250
-41.32,62300
-42.01,62350
-41.83,62400
-41.96,62450
-41.67,62500
-41.48,62550
-40.88,62600
-41.45,62650
-41.60,62700
-41.41,62750
-42.15,62800
-41.39,62850
-41.64,62900
-42.14,62950
-41.50,63000
-41.04,63050
-41.90,63100
-41.02,63150
-40.77,63200
-40.94,63250
-40.68,63300
-41.99,63350
-40.75,63400
-40.07,63450
-40.79,63500
-40.74,63550
-41.55,63600
-41.10,63650
-41.11,63700
-41.11,63750
-38.29,63800
-38.26,63850
-38.15,63900
-38.12,63950
-38.12,64000
-40.31,64050
-41.68,64100
-42.35,64150
-41.88,64200
-41.60,64250
-41.21,64300
-40.95,64350
-42.37,64400
-41.74,64450
-41.17,64500
-40.84,64550
-41.18,64600
-41.66,64650
-40.70,64700
-40.33,64750
-41.56,64800
-40.59,64850
-40.89,64900
-41.64,64950
-41.29,65000
-40.49,65050
-40.45,65100
-40.99,65150
-41.58,65200
-42.49,65250
-41.93,65300
-41.18,65350
-41.25,65400
-41.94,65450
-42.62,65500
-42.81,65550
-42.06,65600
-41.30,65650
-41.55,65700
-41.15,65750
-41.96,65800
-42.53,65850
-41.23,65900
-42.78,65950
-42.23,66000
-41.53,66050
-41.25,66100
-41.61,66150
-42.45,66200
-41.01,66250
-41.16,66300
-40.71,66350
-41.24,66400
-41.57,66450
-41.16,66500
-40.87,66550
-41.18,66600
-41.04,66650
-41.11,66700
-40.65,66750
-40.92,66800
-41.91,66850
-41.88,66900
-41.70,66950
-42.10,67000
-41.32,67050
-40.40,67100
-41.53,67150
-41.53,67200
-41.07,67250
-41.02,67300
-40.40,67350
-42.00,67400
-41.07,67450
-40.94,67500
-41.94,67550
-42.54,67600
-41.98,67650
-41.87,67700
-42.12,67750
-42.36,67800
-41.79,67850
-41.51,67900
-42.23,67950
-42.85,68000
-41.91,68050
-41.80,68100
-42.03,68150
-42.42,68200
-43.24,68250
-42.14,68300
-42.70,68350
-40.85,68400
-41.26,68450
-42.46,68500
-42.82,68550
-41.92,68600
-41.97,68650
-41.74,68700
-42.59,68750
-41.46,68800
-41.19,68850
-41.02,68900
-42.03,68950
-42.31,69000
-40.62,69050
-41.84,69100
-42.02,69150
-41.32,69200
-41.23,69250
-40.99,69300
-40.01,69350
-38.83,69400
-38.25,69450
-37.92,69500
-40.54,69550
-42.73,69600
-42.97,69650
-42.24,69700
-41.96,69750
-41.86,69800
-43.21,69850
-43.35,69900
-42.57,69950
-42.30,70000
-41.32,70050
-41.45,70100
-41.48,70150
-41.55,70200
-41.83,70250
-41.42,70300
-40.38,70350
-40.99,70400
-40.18,70450
-40.16,70500
-40.34,70550
-40.42,70600
-40.50,70650
-39.92,70700
-39.83,70750
-38.67,70800
-38.11,70850
-37.92,70900
-37.90,70950
-38.11,71000
-38.37,71050
-37.97,71100
-38.47,71150
-37.87,71200
-38.08,71250
-37.87,71300
-38.82,71350
-37.78,71400
-37.47,71450
-37.75,71500
-38.48,71550
-37.73,71600
-37.50,71650
-37.77,71700
-37.29,71750
-36.96,71800
-37.39,71850
-37.25,71900
-37.39,71950
-36.40,72000
-36.73,72050
-36.09,72100
-36.36,72150
-36.45,72200
-36.80,72250
-40.30,72300
-42.41,72350
-42.82,72400
-42.13,72450
-42.77,72500
-42.69,72550
-43.46,72600
-43.24,72650
-43.66,72700
-43.55,72750
-41.85,72800
-41.94,72850
-42.42,72900
-41.96,72950
-43.15,73000
-42.60,73050
-41.61,73100
-41.98,73150
-42.33,73200
-42.67,73250
-43.27,73300
-43.74,73350
-43.50,73400
-43.01,73450
-43.31,73500
-43.05,73550
-42.68,73600
-43.22,73650
-43.55,73700
-44.03,73750
-42.62,73800
-42.87,73850
-43.50,73900
-42.35,73950
-42.14,74000
-40.81,74050
-40.84,74100
-39.86,74150
-38.59,74200
-39.24,74250
-39.88,74300
-39.49,74350
-39.26,74400
-38.96,74450
-39.13,74500
-39.29,74550
-39.46,74600
-38.89,74650
-38.88,74700
-38.82,74750
-38.46,74800
-38.19,74850
-38.48,74900
-38.24,74950
-38.18,75000
-38.54,75050
-38.50,75100
-37.91,75150
-38.05,75200
-38.34,75250
-37.90,75300
-38.28,75350
-37.70,75400
-38.20,75450
-37.39,75500
-37.75,75550
-37.10,75600
-37.05,75650
-36.97,75700
-37.38,75750
-37.32,75800
-37.40,75850
-37.48,75900
-36.98,75950
-36.89,76000
-36.42,76050
-36.96,76100
-36.82,76150
-36.71,76200
-36.60,76250
-36.59,76300
-37.27,76350
-40.17,76400
-41.90,76450
-41.89,76500
-41.05,76550
-42.16,76600
-41.56,76650
-41.11,76700
-41.16,76750
-41.42,76800
-42.18,76850
-42.92,76900
-41.88,76950
-40.95,77000
-41.95,77050
-42.33,77100
-41.50,77150
-41.40,77200
-41.53,77250
-42.18,77300
-41.84,77350
-42.27,77400
-42.30,77450
-42.31,77500
-41.73,77550
-40.77,77600
-40.43,77650
-40.44,77700
-38.64,77750
-39.25,77800
-38.63,77850
-38.56,77900
-38.61,77950
-38.62,78000
-39.01,78050
-39.87,78100
-40.15,78150
-39.55,78200
-39.89,78250
-39.55,78300
-39.23,78350
-39.09,78400
-39.17,78450
-39.34,78500
-38.90,78550
-38.71,78600
-39.14,78650
-37.84,78700
-38.24,78750
-38.24,78800
-38.30,78850
-38.15,78900
-38.23,78950
-38.48,79000
-38.39,79050
-37.61,79100
-37.38,79150
-39.13,79200
-38.93,79250
-38.85,79300
-39.16,79350
-38.84,79400
-38.41,79450
-39.17,79500
-38.89,79550
-39.07,79600
-38.47,79650
-39.04,79700
-39.30,79750
-38.09,79800
-38.76,79850
-38.37,79900
-38.31,79950
-38.35,80000
-38.33,80050
-37.90,80100
-38.68,80150
-38.70,80200
-37.90,80250
-38.18,80300
-38.52,80350
-38.27,80400
-37.80,80450
-37.96,80500
-38.15,80550
-38.23,80600
-37.82,80650
-38.08,80700
-38.25,80750
-37.85,80800
-37.43,80850
-37.74,80900
-37.92,80950
-37.30,81000
-38.15,81050
-37.72,81100
-37.48,81150
-36.94,81200
-37.42,81250
-37.27,81300
-37.53,81350
-37.05,81400
-37.44,81450
-37.20,81500
-37.21,81550
-37.05,81600
-36.78,81650
-37.05,81700
-36.51,81750
-36.79,81800
-36.64,81850
-37.14,81900
-36.86,81950
-36.50,82000
-36.97,82050
-37.07,82100
-36.90,82150
-36.69,82200
-36.91,82250
-37.53,82300
-37.35,82350
-37.06,82400
-37.15,82450
-37.23,82500
-36.36,82550
-36.96,82600
-36.90,82650
-36.94,82700
-36.93,82750
-36.77,82800
-37.01,82850
-37.06,82900
-36.78,82950
-35.90,83000
-36.09,83050
-36.52,83100
-37.06,83150
-36.93,83200
-36.88,83250
-36.65,83300
-37.16,83350
-36.91,83400
-36.55,83450
-35.87,83500
-36.30,83550
-36.19,83600
-36.04,83650
-36.65,83700
-37.03,83750
-36.73,83800
-36.64,83850
-36.42,83900
-36.42,83950
-36.42,84000
-36.55,84050
-37.18,84100
-36.57,84150
-36.80,84200
-36.56,84250
-36.47,84300
-35.99,84350
-36.09,84400
-36.08,84450
-35.77,84500
-35.77,84550
-35.18,84600
-35.69,84650
-38.16,84700
-38.39,84750
-38.94,84800
-38.59,84850
-37.84,84900
-36.04,84950
-38.33,85000
-38.94,85050
-38.78,85100
-38.79,85150
-38.28,85200
-38.48,85250
-38.68,85300
-38.52,85350
-39.02,85400
-38.62,85450
-38.97,85500
-39.78,85550
-39.06,85600
-39.05,85650
-39.25,85700
-39.21,85750
-38.36,85800
-39.13,85850
-39.77,85900
-39.04,85950
-39.45,86000
-39.19,86050
-39.45,86100
-39.85,86150
-39.72,86200
-39.56,86250
-39.66,86300
-39.60,86350
-40.08,86400
-39.95,86450
-39.80,86500
-40.15,86550
-39.71,86600
-40.23,86650
-39.54,86700
-40.82,86750
-40.44,86800
-40.47,86850
-40.28,86900
-41.16,86950
-40.66,87000
-41.26,87050
-41.15,87100
-39.35,87150
-39.33,87200
-40.12,87250
-40.59,87300
-39.85,87350
-40.08,87400
-40.04,87450
-39.86,87500
-39.84,87550
-38.72,87600
-37.96,87650
-38.19,87700
-38.61,87750
-38.96,87800
-39.62,87850
-39.43,87900
-38.79,87950
-38.12,88000
-38.32,88050
-38.38,88100
-38.44,88150
-38.52,88200
-37.93,88250
-37.66,88300
-37.89,88350
-37.84,88400
-37.96,88450
-38.20,88500
-38.25,88550
-38.03,88600
-38.25,88650
-38.35,88700
-39.04,88750
-38.73,88800
-38.60,88850
-37.98,88900
-38.07,88950
-37.80,89000
-37.86,89050
-38.23,89100
-38.05,89150
-38.11,89200
-37.33,89250
-37.38,89300
-37.63,89350
-37.69,89400
-37.79,89450
-37.77,89500
-37.69,89550
-37.47,89600
-37.70,89650
-38.06,89700
-38.09,89750
-38.57,89800
-38.42,89850
-37.91,89900
-38.19,89950
-39.91,90000
-39.68,90050
-39.12,90100
-38.80,90150
-39.42,90200
-39.03,90250
-39.04,90300
-39.03,90350
-38.92,90400
-38.90,90450
-38.88,90500
-38.77,90550
-39.26,90600
-39.82,90650
-39.47,90700
-39.44,90750
-39.28,90800
-38.69,90850
-39.35,90900
-39.05,90950
-38.73,91000
-39.28,91050
-39.68,91100
-39.38,91150
-39.39,91200
-38.75,91250
-39.39,91300
-39.39,91350
-39.53,91400
-39.86,91450
-39.19,91500
-38.90,91550
-39.63,91600
-39.97,91650
-39.57,91700
-39.64,91750
-39.85,91800
-39.20,91850
-38.99,91900
-39.62,91950
-39.23,92000
-39.78,92050
-39.69,92100
-38.96,92150
-39.66,92200
-39.21,92250
-39.76,92300
-38.78,92350
-39.03,92400
-39.40,92450
-39.02,92500
-39.41,92550
-39.52,92600
-39.53,92650
-39.86,92700
-39.49,92750
-40.09,92800
-40.47,92850
-39.37,92900
-39.34,92950
-39.84,93000
-39.38,93050
-39.23,93100
-39.27,93150
-39.26,93200
-39.38,93250
-39.51,93300
-39.38,93350
-39.36,93400
-39.24,93450
-38.95,93500
-38.66,93550
-39.33,93600
-39.02,93650
-39.42,93700
-39.39,93750
-39.23,93800
-39.20,93850
-38.66,93900
-39.12,93950
-39.24,94000
-39.25,94050
-39.28,94100
-39.21,94150
-39.02,94200
-39.38,94250
-39.37,94300
-38.70,94350
-38.57,94400
-38.82,94450
-38.88,94500
-38.84,94550
-38.82,94600
-38.40,94650
-38.49,94700
-38.74,94750
-38.90,94800
-38.98,94850
-39.30,94900
-39.25,94950
-39.16,95000
-39.23,95050
-39.11,95100
-38.33,95150
-38.91,95200
-39.40,95250
-38.38,95300
-38.37,95350
-38.52,95400
-38.52,95450
-38.55,95500
-38.73,95550
-38.73,95600
-38.73,95650
-39.09,95700
-38.83,95750
-38.52,95800
-38.73,95850
-38.64,95900
-38.47,95950
-38.52,96000
-38.66,96050
-38.89,96100
-38.91,96150
-38.89,96200
-38.87,96250
-38.91,96300
-38.75,96350
-38.58,96400
-38.17,96450
-38.55,96500
-38.74,96550
-39.51,96600
-39.14,96650
-38.77,96700
-38.77,96750
-38.80,96800
-38.88,96850
-38.86,96900
-38.84,96950
-38.97,97000
-38.96,97050
-38.90,97100
-38.28,97150
-38.21,97200
-38.45,97250
-38.56,97300
-38.56,97350
-38.49,97400
-38.55,97450
-38.70,97500
-38.58,97550
-38.31,97600
-38.27,97650
-38.16,97700
-38.18,97750
-38.24,97800
-38.27,97850
-38.34,97900
-38.35,97950
-38.35,98000
-38.32,98050
-38.03,98100
-38.05,98150
-38.23,98200
-38.25,98250
-38.20,98300
-38.14,98350
-37.71,98400
-37.79,98450
-37.91,98500
-38.15,98550
-37.88,98600
-37.96,98650
-38.32,98700
-37.91,98750
-38.11,98800
-38.02,98850
-37.15,98900
-38.01,98950
-37.97,99000
-37.49,99050
-37.92,99100
-37.60,99150
-37.27,99200
-37.45,99250
-37.49,99300
-37.65,99350
-37.97,99400
-38.12,99450
-37.85,99500
-37.65,99550
-37.48,99600
-37.88,99650
-37.77,99700
-37.65,99750
-37.55,99800
-37.83,99850
-37.86,99900
-37.76,99950
-37.42,100000
-37.42,100050
-37.35,100100
-37.29,100150
-37.36,100200
-37.14,100250
-37.21,100300
-37.39,100350
-37.02,100400
-37.32,100450
-37.39,100500
-37.08,100550
-36.98,100600
-37.01,100650
-37.07,100700
-37.02,100750
-37.22,100800
-37.30,100850
-37.25,100900
-36.93,100950
-37.03,101000
-37.05,101050
-36.84,101100
-36.91,101150
-37.24,101200
-37.41,101250
-37.21,101300
-37.33,101350
-37.19,101400
-37.08,101450
-37.35,101500
-36.77,101550
-36.64,101600
-36.67,101650
-36.78,101700
-36.75,101750
-36.77,101800
-36.73,101850
-36.51,101900
-36.76,101950
-36.71,102000
-36.61,102050
-36.52,102100
-36.45,102150
-36.61,102200
-36.45,102250
-36.25,102300
-37.07,102350
-36.72,102400
-36.65,102450
-36.52,102500
-36.15,102550
-36.88,102600
-36.44,102650
-36.41,102700
-36.91,102750
-36.44,102800
-36.35,102850
-36.44,102900
-36.44,102950
-36.16,103000
-35.66,103050
-35.80,103100
-35.82,103150
-35.87,103200
-36.53,103250
-36.58,103300
-36.77,103350
-36.77,103400
-36.39,103450
-36.74,103500
-36.75,103550
-37.01,103600
-37.38,103650
-36.52,103700
-36.77,103750
-37.22,103800
-37.67,103850
-38.09,103900