-34.97	50
-34.97	100
-35.17	100
-35.17	150
-35.16	150
-35.16	200
-35.24	200
-35.24	250
-34.96	250
-34.96	300
-35.26	300
-35.26	350
-35.05	350
-35.05	400
-35.18	400
-35.18	450
-35.14	450
-35.14	500
-34.84	500
-34.84	550
-35.24	550
-35.24	600
-35.04	600
-35.04	650
-35.00	650
-35.00	700
-34.91	700
-34.91	750
-35.32	750
-35.32	800
-34.59	800
-34.59	850
-34.99	850
-34.99	900
-34.90	900
-34.90	950
-34.54	950
-34.54	1000
-34.62	1000
-34.62	1050
-35.10	1050
-35.10	1100
-35.35	1100
-35.35	1150
-35.04	1150
-35.04	1200
-35.07	1200
-35.07	1250
-35.13	1250
-35.13	1300
-35.00	1300
-35.00	1350
NaN	1350
NaN	1400
-34.73	1400
-34.73	1450
-34.93	1450
-34.93	1500
-34.40	1500
-34.40	1550
NaN	1550
NaN	1600
-34.79	1600
-34.79	1650
-34.52	1650
-34.52	1700
-35.09	1700
-35.09	1750
-35.13	1750
-35.13	1800
-34.72	1800
-34.72	1850
-34.67	1850
-34.67	1900
-34.79	1900
-34.79	1950
-34.42	1950
-34.42	2000
-34.71	2000
-34.71	2050
-34.25	2050
-34.25	2100
-34.76	2100
-34.76	2150
-34.72	2150
-34.72	2200
-34.58	2200
-34.58	2250
-35.11	2250
-35.11	2300
-34.71	2300
-34.71	2350
-34.19	2350
-34.19	2400
-34.95	2400
-34.95	2450
-34.78	2450
-34.78	2500
-34.75	2500
-34.75	2550
-34.71	2550
-34.71	2600
-34.92	2600
-34.92	2650
-35.01	2650
-35.01	2700
-34.56	2700
-34.56	2750
-34.98	2750
-34.98	2800
-34.58	2800
-34.58	2850
-34.71	2850
-34.71	2900
-34.55	2900
-34.55	2950
-35.10	2950
-35.10	3000
-34.80	3000
-34.80	3050
-34.59	3050
-34.59	3100
-34.72	3100
-34.72	3150
-34.65	3150
-34.65	3200
-34.53	3200
-34.53	3250
-34.12	3250
-34.12	3300
-34.73	3300
-34.73	3350
-35.13	3350
-35.13	3400
NaN	3400
NaN	3450
-34.38	3450
-34.38	3500
-34.95	3500
-34.95	3550
-34.52	3550
-34.52	3600
-34.58	3600
-34.58	3650
-34.67	3650
-34.67	3700
-34.82	3700
-34.82	3750
-34.82	3750
-34.82	3800
-34.91	3800
-34.91	3850
-34.96	3850
-34.96	3900
-34.98	3900
-34.98	3950
-34.49	3950
-34.49	4000
-34.73	4000
-34.73	4050
-34.41	4050
-34.41	4100
-34.77	4100
-34.77	4150
-34.70	4150
-34.70	4200
-34.64	4200
-34.64	4250
-34.75	4250
-34.75	4300
-35.13	4300
-35.13	4350
-35.01	4350
-35.01	4400
-34.92	4400
-34.92	4450
-34.82	4450
-34.82	4500
-34.87	4500
-34.87	4550
-34.91	4550
-34.91	4600
-35.44	4600
-35.44	4650
-34.63	4650
-34.63	4700
-35.32	4700
-35.32	4750
NaN	4750
NaN	4800
-34.57	4800
-34.57	4850
-34.68	4850
-34.68	4900
-34.52	4900
-34.52	4950
-34.75	4950
-34.75	5000
-34.61	5000
-34.61	5050
-34.77	5050
-34.77	5100
-34.43	5100
-34.43	5150
-34.59	5150
-34.59	5200
-34.62	5200
-34.62	5250
-35.05	5250
-35.05	5300
-35.02	5300
-35.02	5350
-35.18	5350
-35.18	5400
-34.73	5400
-34.73	5450
-34.54	5450
-34.54	5500
-34.53	5500
-34.53	5550
-34.53	5550
-34.53	5600
-34.66	5600
-34.66	5650
-34.74	5650
-34.74	5700
-34.80	5700
-34.80	5750
-34.77	5750
-34.77	5800
-34.72	5800
-34.72	5850
-34.72	5850
-34.72	5900
-34.57	5900
-34.57	5950
-34.65	5950
-34.65	6000
-34.77	6000
-34.77	6050
-35.09	6050
-35.09	6100
-34.51	6100
-34.51	6150
-34.84	6150
-34.84	6200
-35.02	6200
-35.02	6250
-34.72	6250
-34.72	6300
-34.79	6300
-34.79	6350
-34.65	6350
-34.65	6400
-34.83	6400
-34.83	6450
-34.83	6450
-34.83	6500
-35.03	6500
-35.03	6550
-34.75	6550
-34.75	6600
-34.68	6600
-34.68	6650
-34.91	6650
-34.91	6700
-34.45	6700
-34.45	6750
-34.17	6750
-34.17	6800
-34.24	6800
-34.24	6850
-34.22	6850
-34.22	6900
-34.61	6900
-34.61	6950
-34.62	6950
-34.62	7000
-35.07	7000
-35.07	7050
-34.85	7050
-34.85	7100
-34.78	7100
-34.78	7150
-35.01	7150
-35.01	7200
-34.98	7200
-34.98	7250
-34.58	7250
-34.58	7300
-34.56	7300
-34.56	7350
-34.44	7350
-34.44	7400
-34.54	7400
-34.54	7450
-35.02	7450
-35.02	7500
-34.62	7500
-34.62	7550
-34.55	7550
-34.55	7600
-34.42	7600
-34.42	7650
-34.26	7650
-34.26	7700
-34.30	7700
-34.30	7750
-34.23	7750
-34.23	7800
-34.38	7800
-34.38	7850
-34.53	7850
-34.53	7900
-34.44	7900
-34.44	7950
-34.69	7950
-34.69	8000
-34.99	8000
-34.99	8050
-35.15	8050
-35.15	8100
-35.35	8100
-35.35	8150
-36.29	8150
-36.29	8200
-35.36	8200
-35.36	8250
-34.60	8250
-34.60	8300
-34.72	8300
-34.72	8350
-34.80	8350
-34.80	8400
-34.71	8400
-34.71	8450
-34.72	8450
-34.72	8500
-34.72	8500
-34.72	8550
-34.56	8550
-34.56	8600
-34.70	8600
-34.70	8650
-34.58	8650
-34.58	8700
-34.35	8700
-34.35	8750
-34.48	8750
-34.48	8800
-34.77	8800
-34.77	8850
-34.13	8850
-34.13	8900
-34.33	8900
-34.33	8950
-34.81	8950
-34.81	9000
-34.53	9000
-34.53	9050
-34.40	9050
-34.40	9100
-34.59	9100
-34.59	9150
-34.73	9150
-34.73	9200
-35.06	9200
-35.06	9250
-34.79	9250
-34.79	9300
-34.31	9300
-34.31	9350
-34.22	9350
-34.22	9400
-34.70	9400
-34.70	9450
-35.31	9450
-35.31	9500
-35.03	9500
-35.03	9550
-34.76	9550
-34.76	9600
-34.49	9600
-34.49	9650
-34.71	9650
-34.71	9700
-34.31	9700
-34.31	9750
-34.69	9750
-34.69	9800
-34.96	9800
-34.96	9850
-35.09	9850
-35.09	9900
-34.74	9900
-34.74	9950
-34.51	9950
-34.51	10000
-34.99	10000
-34.99	10050
-35.41	10050
-35.41	10100
-35.43	10100
-35.43	10150
-34.85	10150
-34.85	10200
-35.53	10200
-35.53	10250
-35.35	10250
-35.35	10300
-35.60	10300
-35.60	10350
-36.00	10350
-36.00	10400
-35.74	10400
-35.74	10450
-35.43	10450
-35.43	10500
-35.86	10500
-35.86	10550
-35.71	10550
-35.71	10600
-35.78	10600
-35.78	10650
-35.93	10650
-35.93	10700
-36.24	10700
-36.24	10750
-35.78	10750
-35.78	10800
-35.99	10800
-35.99	10850
-36.47	10850
-36.47	10900
-36.75	10900
-36.75	10950
-36.53	10950
-36.53	11000
-36.29	11000
-36.29	11050
-36.47	11050
-36.47	11100
-36.51	11100
-36.51	11150
-36.88	11150
-36.88	11200
-36.03	11200
-36.03	11250
-36.63	11250
-36.63	11300
-36.69	11300
-36.69	11350
-37.95	11350
-37.95	11400
-37.28	11400
-37.28	11450
-36.78	11450
-36.78	11500
-36.36	11500
-36.36	11550
-36.48	11550
-36.48	11600
-37.63	11600
-37.63	11650
-40.07	11650
-40.07	11700
-39.23	11700
-39.23	11750
-39.77	11750
-39.77	11800
-40.54	11800
-40.54	11850
-40.30	11850
-40.30	11900
-39.28	11900
-39.28	11950
-39.10	11950
-39.10	12000
-39.36	12000
-39.36	12050
-40.07	12050
-40.07	12100
-39.80	12100
-39.80	12150
-40.47	12150
-40.47	12200
-40.12	12200
-40.12	12250
-39.28	12250
-39.28	12300
-40.58	12300
-40.58	12350
-39.25	12350
-39.25	12400
-40.80	12400
-40.80	12450
-40.37	12450
-40.37	12500
-40.47	12500
-40.47	12550
-41.38	12550
-41.38	12600
-40.75	12600
-40.75	12650
-39.20	12650
-39.20	12700
-40.24	12700
-40.24	12750
-39.55	12750
-39.55	12800
-39.00	12800
-39.00	12850
-38.25	12850
-38.25	12900
-38.19	12900
-38.19	12950
-38.02	12950
-38.02	13000
-38.58	13000
-38.58	13050
-40.59	13050
-40.59	13100
-39.32	13100
-39.32	13150
-39.45	13150
-39.45	13200
-38.26	13200
-38.26	13250
-38.16	13250
-38.16	13300
-37.54	13300
-37.54	13350
-38.04	13350
-38.04	13400
-37.33	13400
-37.33	13450
-37.56	13450
-37.56	13500
-37.39	13500
-37.39	13550
-38.06	13550
-38.06	13600
-37.54	13600
-37.54	13650
-37.73	13650
-37.73	13700
-37.24	13700
-37.24	13750
-37.81	13750
-37.81	13800
-37.82	13800
-37.82	13850
-37.48	13850
-37.48	13900
-38.13	13900
-38.13	13950
-39.22	13950
-39.22	14000
-38.46	14000
-38.46	14050
-37.56	14050
-37.56	14100
-37.57	14100
-37.57	14150
-36.92	14150
-36.92	14200
-36.65	14200
-36.65	14250
-35.79	14250
-35.79	14300
-36.36	14300
-36.36	14350
-35.82	14350
-35.82	14400
-35.47	14400
-35.47	14450
-35.25	14450
-35.25	14500
-35.78	14500
-35.78	14550
-36.53	14550
-36.53	14600
-37.43	14600
-37.43	14650
-39.73	14650
-39.73	14700
-40.16	14700
-40.16	14750
-39.07	14750
-39.07	14800
-40.18	14800
-40.18	14850
-39.02	14850
-39.02	14900
-39.94	14900
-39.94	14950
-40.15	14950
-40.15	15000
-39.66	15000
-39.66	15050
-37.57	15050
-37.57	15100
-38.68	15100
-38.68	15150
-38.80	15150
-38.80	15200
-38.84	15200
-38.84	15250
-39.99	15250
-39.99	15300
-38.95	15300
-38.95	15350
-40.63	15350
-40.63	15400
-39.05	15400
-39.05	15450
-39.26	15450
-39.26	15500
-39.72	15500
-39.72	15550
-39.39	15550
-39.39	15600
-38.84	15600
-38.84	15650
-39.88	15650
-39.88	15700
-40.68	15700
-40.68	15750
-41.62	15750
-41.62	15800
-39.40	15800
-39.40	15850
-39.96	15850
-39.96	15900
-41.08	15900
-41.08	15950
-40.40	15950
-40.40	16000
-41.07	16000
-41.07	16050
-40.94	16050
-40.94	16100
-40.34	16100
-40.34	16150
-38.72	16150
-38.72	16200
-40.40	16200
-40.40	16250
-40.64	16250
-40.64	16300
-40.39	16300
-40.39	16350
-39.34	16350
-39.34	16400
-40.27	16400
-40.27	16450
-39.81	16450
-39.81	16500
-39.55	16500
-39.55	16550
-40.51	16550
-40.51	16600
-39.50	16600
-39.50	16650
-41.25	16650
-41.25	16700
-40.29	16700
-40.29	16750
-40.49	16750
-40.49	16800
-40.45	16800
-40.45	16850
-41.21	16850
-41.21	16900
-41.24	16900
-41.24	16950
-40.43	16950
-40.43	17000
-39.23	17000
-39.23	17050
-39.58	17050
-39.58	17100
-40.93	17100
-40.93	17150
-40.84	17150
-40.84	17200
-40.82	17200
-40.82	17250
-41.21	17250
-41.21	17300
-40.86	17300
-40.86	17350
-41.30	17350
-41.30	17400
-40.84	17400
-40.84	17450
-39.94	17450
-39.94	17500
-40.43	17500
-40.43	17550
-40.45	17550
-40.45	17600
-39.85	17600
-39.85	17650
-40.96	17650
-40.96	17700
-40.12	17700
-40.12	17750
-40.22	17750
-40.22	17800
-39.72	17800
-39.72	17850
-40.64	17850
-40.64	17900
-40.66	17900
-40.66	17950
-40.80	17950
-40.80	18000
-40.25	18000
-40.25	18050
-39.11	18050
-39.11	18100
-38.81	18100
-38.81	18150
-40.19	18150
-40.19	18200
-40.60	18200
-40.60	18250
-40.19	18250
-40.19	18300
-39.14	18300
-39.14	18350
-39.97	18350
-39.97	18400
-39.93	18400
-39.93	18450
-39.53	18450
-39.53	18500
-39.66	18500
-39.66	18550
-40.04	18550
-40.04	18600
-39.47	18600
-39.47	18650
-39.30	18650
-39.30	18700
-40.55	18700
-40.55	18750
-39.24	18750
-39.24	18800
-40.25	18800
-40.25	18850
-39.29	18850
-39.29	18900
-39.24	18900
-39.24	18950
-39.21	18950
-39.21	19000
-40.17	19000
-40.17	19050
-39.04	19050
-39.04	19100
-38.71	19100
-38.71	19150
-39.42	19150
-39.42	19200
-39.52	19200
-39.52	19250
-38.27	19250
-38.27	19300
-38.89	19300
-38.89	19350
-40.24	19350
-40.24	19400
-39.60	19400
-39.60	19450
-40.35	19450
-40.35	19500
-39.98	19500
-39.98	19550
-39.23	19550
-39.23	19600
-39.25	19600
-39.25	19650
-39.89	19650
-39.89	19700
-40.67	19700
-40.67	19750
-40.08	19750
-40.08	19800
-39.30	19800
-39.30	19850
-39.64	19850
-39.64	19900
-40.78	19900
-40.78	19950
-38.99	19950
-38.99	20000
-39.93	20000
-39.93	20050
-39.95	20050
-39.95	20100
-39.69	20100
-39.69	20150
-39.96	20150
-39.96	20200
-39.82	20200
-39.82	20250
-40.64	20250
-40.64	20300
-41.54	20300
-41.54	20350
-40.35	20350
-40.35	20400
-40.38	20400
-40.38	20450
-39.91	20450
-39.91	20500
-39.76	20500
-39.76	20550
-38.71	20550
-38.71	20600
-38.98	20600
-38.98	20650
-39.55	20650
-39.55	20700
-40.03	20700
-40.03	20750
-40.00	20750
-40.00	20800
-39.78	20800
-39.78	20850
-39.19	20850
-39.19	20900
-41.02	20900
-41.02	20950
-40.66	20950
-40.66	21000
-41.19	21000
-41.19	21050
-40.57	21050
-40.57	21100
-41.62	21100
-41.62	21150
-40.63	21150
-40.63	21200
-41.00	21200
-41.00	21250
-41.37	21250
-41.37	21300
-41.37	21300
-41.37	21350
-41.59	21350
-41.59	21400
-41.41	21400
-41.41	21450
-41.40	21450
-41.40	21500
-41.36	21500
-41.36	21550
-41.54	21550
-41.54	21600
-41.07	21600
-41.07	21650
-41.70	21650
-41.70	21700
-40.27	21700
-40.27	21750
-40.92	21750
-40.92	21800
-41.02	21800
-41.02	21850
-41.01	21850
-41.01	21900
-40.40	21900
-40.40	21950
-41.28	21950
-41.28	22000
NaN	22000
NaN	22050
-41.30	22050
-41.30	22100
-40.14	22100
-40.14	22150
-40.60	22150
-40.60	22200
-39.93	22200
-39.93	22250
-40.05	22250
-40.05	22300
-40.94	22300
-40.94	22350
-40.99	22350
-40.99	22400
-40.98	22400
-40.98	22450
-39.43	22450
-39.43	22500
-40.80	22500
-40.80	22550
-40.86	22550
-40.86	22600
-40.85	22600
-40.85	22650
-40.53	22650
-40.53	22700
-41.07	22700
-41.07	22750
-40.38	22750
-40.38	22800
-40.86	22800
-40.86	22850
-38.68	22850
-38.68	22900
-39.50	22900
-39.50	22950
-40.21	22950
-40.21	23000
-40.30	23000
-40.30	23050
-40.26	23050
-40.26	23100
-40.45	23100
-40.45	23150
-40.52	23150
-40.52	23200
-39.03	23200
-39.03	23250
-38.34	23250
-38.34	23300
-39.61	23300
-39.61	23350
-40.76	23350
-40.76	23400
-41.99	23400
-41.99	23450
-40.96	23450
-40.96	23500
-41.98	23500
-41.98	23550
-41.49	23550
-41.49	23600
-42.39	23600
-42.39	23650
-41.95	23650
-41.95	23700
-41.32	23700
-41.32	23750
-42.33	23750
-42.33	23800
-42.10	23800
-42.10	23850
-42.18	23850
-42.18	23900
-42.13	23900
-42.13	23950
-42.67	23950
-42.67	24000
-42.02	24000
-42.02	24050
-41.77	24050
-41.77	24100
-42.14	24100
-42.14	24150
-41.33	24150
-41.33	24200
-42.15	24200
-42.15	24250
-41.29	24250
-41.29	24300
-40.54	24300
-40.54	24350
-41.22	24350
-41.22	24400
-39.83	24400
-39.83	24450
-40.47	24450
-40.47	24500
-41.64	24500
-41.64	24550
-41.75	24550
-41.75	24600
-41.58	24600
-41.58	24650
-42.26	24650
-42.26	24700
-41.34	24700
-41.34	24750
-41.84	24750
-41.84	24800
-42.91	24800
-42.91	24850
-40.54	24850
-40.54	24900
-41.98	24900
-41.98	24950
-39.76	24950
-39.76	25000
-40.42	25000
-40.42	25050
-40.47	25050
-40.47	25100
-41.10	25100
-41.10	25150
-41.47	25150
-41.47	25200
-41.77	25200
-41.77	25250
-40.77	25250
-40.77	25300
-41.54	25300
-41.54	25350
-41.42	25350
-41.42	25400
-41.28	25400
-41.28	25450
-41.81	25450
-41.81	25500
-42.39	25500
-42.39	25550
-42.64	25550
-42.64	25600
-43.05	25600
-43.05	25650
-43.11	25650
-43.11	25700
-41.64	25700
-41.64	25750
-41.66	25750
-41.66	25800
-40.79	25800
-40.79	25850
-41.41	25850
-41.41	25900
-40.77	25900
-40.77	25950
-42.07	25950
-42.07	26000
-41.19	26000
-41.19	26050
-41.82	26050
-41.82	26100
-40.53	26100
-40.53	26150
-39.39	26150
-39.39	26200
-41.13	26200
-41.13	26250
-40.73	26250
-40.73	26300
-40.53	26300
-40.53	26350
-41.41	26350
-41.41	26400
-40.82	26400
-40.82	26450
-41.18	26450
-41.18	26500
-40.62	26500
-40.62	26550
-40.63	26550
-40.63	26600
-40.88	26600
-40.88	26650
-41.89	26650
-41.89	26700
-40.95	26700
-40.95	26750
-40.88	26750
-40.88	26800
-40.78	26800
-40.78	26850
-39.71	26850
-39.71	26900
-39.77	26900
-39.77	26950
-40.77	26950
-40.77	27000
-41.76	27000
-41.76	27050
-40.50	27050
-40.50	27100
-40.19	27100
-40.19	27150
-40.13	27150
-40.13	27200
-41.23	27200
-41.23	27250
-41.09	27250
-41.09	27300
-40.67	27300
-40.67	27350
-41.65	27350
-41.65	27400
-41.76	27400
-41.76	27450
NaN	27450
NaN	27500
NaN	27500
NaN	27550
-38.27	27550
-38.27	27600
-38.12	27600
-38.12	27650
-37.29	27650
-37.29	27700
-38.75	27700
-38.75	27750
-40.85	27750
-40.85	27800
-41.09	27800
-41.09	27850
-40.16	27850
-40.16	27900
-41.87	27900
-41.87	27950
-42.13	27950
-42.13	28000
-41.74	28000
-41.74	28050
-39.94	28050
-39.94	28100
-41.43	28100
-41.43	28150
-41.87	28150
-41.87	28200
-41.47	28200
-41.47	28250
-41.93	28250
-41.93	28300
-40.88	28300
-40.88	28350
-42.01	28350
-42.01	28400
-41.90	28400
-41.90	28450
-40.95	28450
-40.95	28500
-41.50	28500
-41.50	28550
-39.10	28550
-39.10	28600
-38.50	28600
-38.50	28650
-38.34	28650
-38.34	28700
-38.34	28700
-38.34	28750
-37.63	28750
-37.63	28800
-38.81	28800
-38.81	28850
-40.59	28850
-40.59	28900
-40.20	28900
-40.20	28950
-41.59	28950
-41.59	29000
-41.89	29000
-41.89	29050
-42.01	29050
-42.01	29100
-42.04	29100
-42.04	29150
-40.41	29150
-40.41	29200
-41.12	29200
-41.12	29250
-42.48	29250
-42.48	29300
-41.84	29300
-41.84	29350
-41.00	29350
-41.00	29400
-41.99	29400
-41.99	29450
-41.31	29450
-41.31	29500
-43.08	29500
-43.08	29550
-43.02	29550
-43.02	29600
-43.01	29600
-43.01	29650
-42.59	29650
-42.59	29700
-41.52	29700
-41.52	29750
-41.63	29750
-41.63	29800
-42.56	29800
-42.56	29850
-42.24	29850
-42.24	29900
-42.91	29900
-42.91	29950
-42.49	29950
-42.49	30000
-42.73	30000
-42.73	30050
-42.38	30050
-42.38	30100
-42.45	30100
-42.45	30150
-42.61	30150
-42.61	30200
-43.01	30200
-43.01	30250
-42.27	30250
-42.27	30300
-41.54	30300
-41.54	30350
-41.84	30350
-41.84	30400
-41.15	30400
-41.15	30450
-41.51	30450
-41.51	30500
-42.77	30500
-42.77	30550
-41.99	30550
-41.99	30600
-42.05	30600
-42.05	30650
-41.11	30650
-41.11	30700
-41.16	30700
-41.16	30750
-42.17	30750
-42.17	30800
-41.09	30800
-41.09	30850
-42.97	30850
-42.97	30900
-42.83	30900
-42.83	30950
-42.09	30950
-42.09	31000
-43.18	31000
-43.18	31050
-42.07	31050
-42.07	31100
-42.53	31100
-42.53	31150
-41.28	31150
-41.28	31200
-41.43	31200
-41.43	31250
-42.63	31250
-42.63	31300
-42.54	31300
-42.54	31350
-42.67	31350
-42.67	31400
-41.35	31400
-41.35	31450
-42.36	31450
-42.36	31500
-42.64	31500
-42.64	31550
NaN	31550
NaN	31600
-43.25	31600
-43.25	31650
-41.72	31650
-41.72	31700
-42.04	31700
-42.04	31750
-41.73	31750
-41.73	31800
-42.08	31800
-42.08	31850
-42.25	31850
-42.25	31900
-40.81	31900
-40.81	31950
-40.54	31950
-40.54	32000
-39.83	32000
-39.83	32050
-40.09	32050
-40.09	32100
-39.32	32100
-39.32	32150
-39.13	32150
-39.13	32200
-39.09	32200
-39.09	32250
-38.85	32250
-38.85	32300
-38.02	32300
-38.02	32350
-38.12	32350
-38.12	32400
-38.47	32400
-38.47	32450
-41.21	32450
-41.21	32500
-41.85	32500
-41.85	32550
-41.29	32550
-41.29	32600
-41.42	32600
-41.42	32650
-42.37	32650
-42.37	32700
-42.29	32700
-42.29	32750
-42.66	32750
-42.66	32800
-43.03	32800
-43.03	32850
-41.53	32850
-41.53	32900
-42.46	32900
-42.46	32950
-42.52	32950
-42.52	33000
-42.88	33000
-42.88	33050
-41.71	33050
-41.71	33100
-42.85	33100
-42.85	33150
-42.27	33150
-42.27	33200
-43.78	33200
-43.78	33250
-42.83	33250
-42.83	33300
-41.23	33300
-41.23	33350
-39.73	33350
-39.73	33400
-39.30	33400
-39.30	33450
-38.94	33450
-38.94	33500
-38.93	33500
-38.93	33550
-38.98	33550
-38.98	33600
-37.96	33600
-37.96	33650
-40.06	33650
-40.06	33700
-40.77	33700
-40.77	33750
-41.05	33750
-41.05	33800
-41.97	33800
-41.97	33850
-41.36	33850
-41.36	33900
-41.70	33900
-41.70	33950
-42.28	33950
-42.28	34000
-41.51	34000
-41.51	34050
-40.64	34050
-40.64	34100
-41.44	34100
-41.44	34150
-41.32	34150
-41.32	34200
-42.02	34200
-42.02	34250
-42.02	34250
-42.02	34300
-42.22	34300
-42.22	34350
-42.19	34350
-42.19	34400
-41.83	34400
-41.83	34450
-42.35	34450
-42.35	34500
-41.22	34500
-41.22	34550
-42.58	34550
-42.58	34600
-42.00	34600
-42.00	34650
-40.91	34650
-40.91	34700
-39.29	34700
-39.29	34750
-39.55	34750
-39.55	34800
-39.44	34800
-39.44	34850
-39.88	34850
-39.88	34900
-40.26	34900
-40.26	34950
-40.07	34950
-40.07	35000
-38.89	35000
-38.89	35050
-39.22	35050
-39.22	35100
-38.25	35100
-38.25	35150
-38.23	35150
-38.23	35200
-38.91	35200
-38.91	35250
-38.25	35250
-38.25	35300
-38.17	35300
-38.17	35350
-38.01	35350
-38.01	35400
-39.43	35400
-39.43	35450
-41.38	35450
-41.38	35500
-41.86	35500
-41.86	35550
-42.13	35550
-42.13	35600
-40.90	35600
-40.90	35650
-42.09	35650
-42.09	35700
-42.48	35700
-42.48	35750
-42.07	35750
-42.07	35800
-41.99	35800
-41.99	35850
-40.97	35850
-40.97	35900
-43.40	35900
-43.40	35950
-43.76	35950
-43.76	36000
-41.92	36000
-41.92	36050
-41.72	36050
-41.72	36100
-41.64	36100
-41.64	36150
-41.78	36150
-41.78	36200
-41.60	36200
-41.60	36250
-42.15	36250
-42.15	36300
-41.56	36300
-41.56	36350
-41.81	36350
-41.81	36400
-41.15	36400
-41.15	36450
-41.91	36450
-41.91	36500
-41.72	36500
-41.72	36550
-40.47	36550
-40.47	36600
-39.50	36600
-39.50	36650
-39.02	36650
-39.02	36700
-40.00	36700
-40.00	36750
-38.97	36750
-38.97	36800
-39.97	36800
-39.97	36850
-40.94	36850
-40.94	36900
-40.35	36900
-40.35	36950
-41.05	36950
-41.05	37000
-39.70	37000
-39.70	37050
-39.54	37050
-39.54	37100
-38.76	37100
-38.76	37150
-38.49	37150
-38.49	37200
-38.83	37200
-38.83	37250
-38.47	37250
-38.47	37300
NaN	37300
NaN	37350
-38.73	37350
-38.73	37400
-38.16	37400
-38.16	37450
-38.06	37450
-38.06	37500
-38.67	37500
-38.67	37550
-37.98	37550
-37.98	37600
-37.99	37600
-37.99	37650
-37.81	37650
-37.81	37700
-37.56	37700
-37.56	37750
-37.59	37750
-37.59	37800
-37.47	37800
-37.47	37850
-37.92	37850
-37.92	37900
-37.68	37900
-37.68	37950
-37.50	37950
-37.50	38000
-37.41	38000
-37.41	38050
-37.23	38050
-37.23	38100
-37.06	38100
-37.06	38150
-40.03	38150
-40.03	38200
-41.13	38200
-41.13	38250
-41.08	38250
-41.08	38300
-41.73	38300
-41.73	38350
-42.07	38350
-42.07	38400
-40.75	38400
-40.75	38450
-41.70	38450
-41.70	38500
-41.06	38500
-41.06	38550
-41.91	38550
-41.91	38600
-40.53	38600
-40.53	38650
-41.18	38650
-41.18	38700
-41.70	38700
-41.70	38750
-40.80	38750
-40.80	38800
-41.70	38800
-41.70	38850
-41.26	38850
-41.26	38900
-41.27	38900
-41.27	38950
-41.90	38950
-41.90	39000
-41.77	39000
-41.77	39050
-41.41	39050
-41.41	39100
-41.07	39100
-41.07	39150
-40.61	39150
-40.61	39200
-40.44	39200
-40.44	39250
-41.05	39250
-41.05	39300
-42.51	39300
-42.51	39350
-42.07	39350
-42.07	39400
-42.13	39400
-42.13	39450
-42.18	39450
-42.18	39500
-41.35	39500
-41.35	39550
-41.39	39550
-41.39	39600
-41.52	39600
-41.52	39650
-42.07	39650
-42.07	39700
-41.61	39700
-41.61	39750
-41.52	39750
-41.52	39800
-40.78	39800
-40.78	39850
-41.23	39850
-41.23	39900
-40.69	39900
-40.69	39950
-39.40	39950
-39.40	40000
-38.63	40000
-38.63	40050
-39.12	40050
-39.12	40100
-40.52	40100
-40.52	40150
-40.32	40150
-40.32	40200
-39.94	40200
-39.94	40250
-40.48	40250
-40.48	40300
-40.22	40300
-40.22	40350
-41.79	40350
-41.79	40400
-41.35	40400
-41.35	40450
-40.29	40450
-40.29	40500
-41.05	40500
-41.05	40550
-40.85	40550
-40.85	40600
-41.03	40600
-41.03	40650
-42.49	40650
-42.49	40700
-41.65	40700
-41.65	40750
-40.62	40750
-40.62	40800
-41.05	40800
-41.05	40850
-40.57	40850
-40.57	40900
-40.01	40900
-40.01	40950
-38.87	40950
-38.87	41000
-38.78	41000
-38.78	41050
-38.47	41050
-38.47	41100
-39.02	41100
-39.02	41150
-39.16	41150
-39.16	41200
-39.04	41200
-39.04	41250
-37.99	41250
-37.99	41300
-38.10	41300
-38.10	41350
-37.76	41350
-37.76	41400
-40.54	41400
-40.54	41450
-40.73	41450
-40.73	41500
-41.38	41500
-41.38	41550
-40.80	41550
-40.80	41600
-41.20	41600
-41.20	41650
-40.78	41650
-40.78	41700
-41.73	41700
-41.73	41750
-41.17	41750
-41.17	41800
-41.49	41800
-41.49	41850
-41.54	41850
-41.54	41900
-41.54	41900
-41.54	41950
-41.66	41950
-41.66	42000
-41.41	42000
-41.41	42050
-41.58	42050
-41.58	42100
-41.90	42100
-41.90	42150
-40.43	42150
-40.43	42200
-39.35	42200
-39.35	42250
-39.53	42250
-39.53	42300
-39.60	42300
-39.60	42350
-39.86	42350
-39.86	42400
-39.09	42400
-39.09	42450
-40.17	42450
-40.17	42500
-39.63	42500
-39.63	42550
-39.59	42550
-39.59	42600
-38.71	42600
-38.71	42650
-39.02	42650
-39.02	42700
-38.55	42700
-38.55	42750
-38.48	42750
-38.48	42800
-37.98	42800
-37.98	42850
-38.54	42850
-38.54	42900
-38.53	42900
-38.53	42950
-38.18	42950
-38.18	43000
-38.17	43000
-38.17	43050
-38.52	43050
-38.52	43100
-37.53	43100
-37.53	43150
-38.41	43150
-38.41	43200
-37.96	43200
-37.96	43250
-38.20	43250
-38.20	43300
-40.97	43300
-40.97	43350
-41.64	43350
-41.64	43400
-41.94	43400
-41.94	43450
-41.76	43450
-41.76	43500
-41.97	43500
-41.97	43550
-41.72	43550
-41.72	43600
-42.08	43600
-42.08	43650
-42.21	43650
-42.21	43700
-41.54	43700
-41.54	43750
-40.50	43750
-40.50	43800
-42.04	43800
-42.04	43850
-41.33	43850
-41.33	43900
-41.20	43900
-41.20	43950
-42.10	43950
-42.10	44000
-40.94	44000
-40.94	44050
-40.69	44050
-40.69	44100
-41.45	44100
-41.45	44150
-41.24	44150
-41.24	44200
-41.21	44200
-41.21	44250
-40.18	44250
-40.18	44300
-38.97	44300
-38.97	44350
-38.38	44350
-38.38	44400
-38.48	44400
-38.48	44450
-39.23	44450
-39.23	44500
-41.16	44500
-41.16	44550
-39.98	44550
-39.98	44600
-39.21	44600
-39.21	44650
-39.84	44650
-39.84	44700
-39.91	44700
-39.91	44750
-39.59	44750
-39.59	44800
-40.05	44800
-40.05	44850
-39.68	44850
-39.68	44900
-39.54	44900
-39.54	44950
-39.52	44950
-39.52	45000
-39.70	45000
-39.70	45050
-38.93	45050
-38.93	45100
-38.82	45100
-38.82	45150
-39.64	45150
-39.64	45200
-38.56	45200
-38.56	45250
-39.51	45250
-39.51	45300
-39.48	45300
-39.48	45350
-39.06	45350
-39.06	45400
-38.29	45400
-38.29	45450
-38.61	45450
-38.61	45500
-38.86	45500
-38.86	45550
-38.31	45550
-38.31	45600
-38.17	45600
-38.17	45650
-38.27	45650
-38.27	45700
-37.76	45700
-37.76	45750
-38.19	45750
-38.19	45800
-38.41	45800
-38.41	45850
-38.29	45850
-38.29	45900
-38.15	45900
-38.15	45950
-38.10	45950
-38.10	46000
-37.97	46000
-37.97	46050
-38.01	46050
-38.01	46100
-37.46	46100
-37.46	46150
-37.29	46150
-37.29	46200
-37.48	46200
-37.48	46250
-36.91	46250
-36.91	46300
-37.05	46300
-37.05	46350
-37.52	46350
-37.52	46400
-37.50	46400
-37.50	46450
-36.82	46450
-36.82	46500
-37.02	46500
-37.02	46550
-36.82	46550
-36.82	46600
-37.88	46600
-37.88	46650
-36.55	46650
-36.55	46700
-36.73	46700
-36.73	46750
-36.69	46750
-36.69	46800
-40.02	46800
-40.02	46850
-41.10	46850
-41.10	46900
-41.07	46900
-41.07	46950
-41.37	46950
-41.37	47000
-40.05	47000
-40.05	47050
-41.20	47050
-41.20	47100
-41.19	47100
-41.19	47150
-40.66	47150
-40.66	47200
-40.63	47200
-40.63	47250
-39.87	47250
-39.87	47300
-40.08	47300
-40.08	47350
-40.49	47350
-40.49	47400
-40.36	47400
-40.36	47450
-40.24	47450
-40.24	47500
-40.72	47500
-40.72	47550
-40.34	47550
-40.34	47600
-41.25	47600
-41.25	47650
-40.91	47650
-40.91	47700
-41.20	47700
-41.20	47750
-40.31	47750
-40.31	47800
-41.11	47800
-41.11	47850
-40.15	47850
-40.15	47900
-40.60	47900
-40.60	47950
-41.57	47950
-41.57	48000
-41.61	48000
-41.61	48050
-40.92	48050
-40.92	48100
-40.35	48100
-40.35	48150
-41.42	48150
-41.42	48200
-41.06	48200
-41.06	48250
-40.24	48250
-40.24	48300
-40.11	48300
-40.11	48350
-39.32	48350
-39.32	48400
-39.58	48400
-39.58	48450
-39.72	48450
-39.72	48500
-39.52	48500
-39.52	48550
-39.39	48550
-39.39	48600
-39.52	48600
-39.52	48650
-39.25	48650
-39.25	48700
-39.28	48700
-39.28	48750
-39.56	48750
-39.56	48800
-38.30	48800
-38.30	48850
-38.07	48850
-38.07	48900
-38.35	48900
-38.35	48950
-38.79	48950
-38.79	49000
-39.80	49000
-39.80	49050
-39.34	49050
-39.34	49100
-38.42	49100
-38.42	49150
-38.44	49150
-38.44	49200
-38.37	49200
-38.37	49250
-40.87	49250
-40.87	49300
-40.61	49300
-40.61	49350
-40.51	49350
-40.51	49400
-40.22	49400
-40.22	49450
-40.15	49450
-40.15	49500
-39.60	49500
-39.60	49550
-38.69	49550
-38.69	49600
-38.82	49600
-38.82	49650
-39.20	49650
-39.20	49700
-39.49	49700
-39.49	49750
-39.38	49750
-39.38	49800
-39.62	49800
-39.62	49850
-39.97	49850
-39.97	49900
-39.87	49900
-39.87	49950
-39.65	49950
-39.65	50000
-38.79	50000
-38.79	50050
-39.48	50050
-39.48	50100
-40.04	50100
-40.04	50150
-39.56	50150
-39.56	50200
-39.36	50200
-39.36	50250
-39.22	50250
-39.22	50300
-38.91	50300
-38.91	50350
-39.95	50350
-39.95	50400
-39.29	50400
-39.29	50450
-39.56	50450
-39.56	50500
-38.81	50500
-38.81	50550
-38.87	50550
-38.87	50600
-38.76	50600
-38.76	50650
-39.52	50650
-39.52	50700
-39.31	50700
-39.31	50750
-40.12	50750
-40.12	50800
-39.12	50800
-39.12	50850
-39.10	50850
-39.10	50900
-39.24	50900
-39.24	50950
-39.91	50950
-39.91	51000
-39.36	51000
-39.36	51050
-39.39	51050
-39.39	51100
-39.10	51100
-39.10	51150
-38.88	51150
-38.88	51200
-39.01	51200
-39.01	51250
-38.23	51250
-38.23	51300
-38.91	51300
-38.91	51350
-39.38	51350
-39.38	51400
-38.70	51400
-38.70	51450
-39.27	51450
-39.27	51500
-39.81	51500
-39.81	51550
-39.12	51550
-39.12	51600
-38.91	51600
-38.91	51650
-37.96	51650
-37.96	51700
-38.06	51700
-38.06	51750
-39.06	51750
-39.06	51800
-38.81	51800
-38.81	51850
-38.19	51850
-38.19	51900
-37.99	51900
-37.99	51950
-38.53	51950
-38.53	52000
-38.56	52000
-38.56	52050
-38.42	52050
-38.42	52100
-37.79	52100
-37.79	52150
-38.11	52150
-38.11	52200
-38.00	52200
-38.00	52250
-38.07	52250
-38.07	52300
-38.01	52300
-38.01	52350
-37.77	52350
-37.77	52400
-38.33	52400
-38.33	52450
-38.19	52450
-38.19	52500
-37.51	52500
-37.51	52550
-38.11	52550
-38.11	52600
-38.12	52600
-38.12	52650
-38.68	52650
-38.68	52700
-37.87	52700
-37.87	52750
-38.21	52750
-38.21	52800
-37.72	52800
-37.72	52850
-36.74	52850
-36.74	52900
-37.46	52900
-37.46	52950
-37.41	52950
-37.41	53000
-37.71	53000
-37.71	53050
-37.59	53050
-37.59	53100
-37.92	53100
-37.92	53150
-37.52	53150
-37.52	53200
-38.04	53200
-38.04	53250
-37.92	53250
-37.92	53300
-37.24	53300
-37.24	53350
-37.30	53350
-37.30	53400
-37.00	53400
-37.00	53450
-37.06	53450
-37.06	53500
-36.85	53500
-36.85	53550
-37.01	53550
-37.01	53600
-37.21	53600
-37.21	53650
-37.89	53650
-37.89	53700
-37.42	53700
-37.42	53750
-36.98	53750
-36.98	53800
-36.36	53800
-36.36	53850
-36.85	53850
-36.85	53900
-37.68	53900
-37.68	53950
-37.82	53950
-37.82	54000
-37.10	54000
-37.10	54050
-36.99	54050
-36.99	54100
-36.98	54100
-36.98	54150
-38.61	54150
-38.61	54200
-41.01	54200
-41.01	54250
-40.79	54250
-40.79	54300
-40.17	54300
-40.17	54350
-40.24	54350
-40.24	54400
-40.49	54400
-40.49	54450
-39.40	54450
-39.40	54500
-40.96	54500
-40.96	54550
-40.69	54550
-40.69	54600
-40.39	54600
-40.39	54650
-39.90	54650
-39.90	54700
-40.31	54700
-40.31	54750
-39.81	54750
-39.81	54800
-38.96	54800
-38.96	54850
-37.10	54850
-37.10	54900
-36.81	54900
-36.81	54950
-39.94	54950
-39.94	55000
-40.28	55000
-40.28	55050
-40.42	55050
-40.42	55100
-40.34	55100
-40.34	55150
-40.32	55150
-40.32	55200
-41.64	55200
-41.64	55250
-40.10	55250
-40.10	55300
-40.70	55300
-40.70	55350
-37.55	55350
-37.55	55400
-37.23	55400
-37.23	55450
-37.55	55450
-37.55	55500
-37.56	55500
-37.56	55550
-37.27	55550
-37.27	55600
-37.71	55600
-37.71	55650
-37.32	55650
-37.32	55700
-38.33	55700
-38.33	55750
-40.45	55750
-40.45	55800
-41.12	55800
-41.12	55850
-39.69	55850
-39.69	55900
-40.70	55900
-40.70	55950
-39.91	55950
-39.91	56000
-39.88	56000
-39.88	56050
-40.12	56050
-40.12	56100
-39.81	56100
-39.81	56150
-39.57	56150
-39.57	56200
-40.22	56200
-40.22	56250
-40.56	56250
-40.56	56300
-39.54	56300
-39.54	56350
-39.45	56350
-39.45	56400
-39.59	56400
-39.59	56450
-39.62	56450
-39.62	56500
-39.18	56500
-39.18	56550
-38.21	56550
-38.21	56600
-38.18	56600
-38.18	56650
-37.91	56650
-37.91	56700
-38.29	56700
-38.29	56750
-38.34	56750
-38.34	56800
-39.24	56800
-39.24	56850
-38.87	56850
-38.87	56900
-38.76	56900
-38.76	56950
-39.53	56950
-39.53	57000
-38.58	57000
-38.58	57050
-38.59	57050
-38.59	57100
-38.80	57100
-38.80	57150
-38.84	57150
-38.84	57200
-38.32	57200
-38.32	57250
-38.38	57250
-38.38	57300
-38.41	57300
-38.41	57350
-38.44	57350
-38.44	57400
-38.44	57400
-38.44	57450
-38.26	57450
-38.26	57500
-38.63	57500
-38.63	57550
-37.53	57550
-37.53	57600
-37.37	57600
-37.37	57650
-37.86	57650
-37.86	57700
-37.18	57700
-37.18	57750
-37.04	57750
-37.04	57800
-37.38	57800
-37.38	57850
-37.95	57850
-37.95	57900
-37.19	57900
-37.19	57950
-37.46	57950
-37.46	58000
-39.76	58000
-39.76	58050
-39.34	58050
-39.34	58100
-38.30	58100
-38.30	58150
-36.25	58150
-36.25	58200
-39.27	58200
-39.27	58250
-40.96	58250
-40.96	58300
-40.35	58300
-40.35	58350
-40.29	58350
-40.29	58400
-40.30	58400
-40.30	58450
-39.63	58450
-39.63	58500
-39.30	58500
-39.30	58550
-37.81	58550
-37.81	58600
-37.56	58600
-37.56	58650
-36.93	58650
-36.93	58700
-38.22	58700
-38.22	58750
-38.71	58750
-38.71	58800
-37.25	58800
-37.25	58850
-36.81	58850
-36.81	58900
-36.64	58900
-36.64	58950
-36.75	58950
-36.75	59000
-39.10	59000
-39.10	59050
-40.19	59050
-40.19	59100
-40.86	59100
-40.86	59150
-40.33	59150
-40.33	59200
-39.04	59200
-39.04	59250
-37.19	59250
-37.19	59300
-36.37	59300
-36.37	59350
-38.23	59350
-38.23	59400
-40.42	59400
-40.42	59450
-41.20	59450
-41.20	59500
-41.05	59500
-41.05	59550
-40.64	59550
-40.64	59600
-40.74	59600
-40.74	59650
-40.47	59650
-40.47	59700
-41.74	59700
-41.74	59750
-41.44	59750
-41.44	59800
-41.58	59800
-41.58	59850
-40.74	59850
-40.74	59900
-41.51	59900
-41.51	59950
-41.46	59950
-41.46	60000
-41.82	60000
-41.82	60050
-40.76	60050
-40.76	60100
-40.31	60100
-40.31	60150
-40.33	60150
-40.33	60200
-40.52	60200
-40.52	60250
-40.47	60250
-40.47	60300
-40.32	60300
-40.32	60350
-39.97	60350
-39.97	60400
-40.58	60400
-40.58	60450
-40.84	60450
-40.84	60500
-40.92	60500
-40.92	60550
-41.22	60550
-41.22	60600
-41.08	60600
-41.08	60650
-40.68	60650
-40.68	60700
-41.02	60700
-41.02	60750
-41.17	60750
-41.17	60800
-41.49	60800
-41.49	60850
-41.12	60850
-41.12	60900
-40.57	60900
-40.57	60950
-39.86	60950
-39.86	61000
-40.26	61000
-40.26	61050
-41.85	61050
-41.85	61100
-40.95	61100
-40.95	61150
-40.37	61150
-40.37	61200
-41.43	61200
-41.43	61250
-40.42	61250
-40.42	61300
-40.65	61300
-40.65	61350
-41.15	61350
-41.15	61400
-41.61	61400
-41.61	61450
-41.35	61450
-41.35	61500
-41.51	61500
-41.51	61550
-40.85	61550
-40.85	61600
-40.84	61600
-40.84	61650
-39.94	61650
-39.94	61700
-41.02	61700
-41.02	61750
-40.73	61750
-40.73	61800
-41.47	61800
-41.47	61850
-41.08	61850
-41.08	61900
-41.42	61900
-41.42	61950
-40.78	61950
-40.78	62000
-41.10	62000
-41.10	62050
-41.68	62050
-41.68	62100
-42.25	62100
-42.25	62150
-41.97	62150
-41.97	62200
-41.91	62200
-41.91	62250
-41.76	62250
-41.76	62300
-41.32	62300
-41.32	62350
-42.01	62350
-42.01	62400
-41.83	62400
-41.83	62450
-41.96	62450
-41.96	62500
-41.67	62500
-41.67	62550
-41.48	62550
-41.48	62600
-40.88	62600
-40.88	62650
-41.45	62650
-41.45	62700
-41.60	62700
-41.60	62750
-41.41	62750
-41.41	62800
-42.15	62800
-42.15	62850
-41.39	62850
-41.39	62900
-41.64	62900
-41.64	62950
-42.14	62950
-42.14	63000
-41.50	63000
-41.50	63050
-41.04	63050
-41.04	63100
-41.90	63100
-41.90	63150
-41.02	63150
-41.02	63200
-40.77	63200
-40.77	63250
-40.94	63250
-40.94	63300
-40.68	63300
-40.68	63350
-41.99	63350
-41.99	63400
-40.75	63400
-40.75	63450
-40.07	63450
-40.07	63500
-40.79	63500
-40.79	63550
-40.74	63550
-40.74	63600
-41.55	63600
-41.55	63650
-41.10	63650
-41.10	63700
-41.11	63700
-41.11	63750
-41.11	63750
-41.11	63800
-38.29	63800
-38.29	63850
-38.26	63850
-38.26	63900
-38.15	63900
-38.15	63950
-38.12	63950
-38.12	64000
-38.12	64000
-38.12	64050
-40.31	64050
-40.31	64100
-41.68	64100
-41.68	64150
-42.35	64150
-42.35	64200
-41.88	64200
-41.88	64250
-41.60	64250
-41.60	64300
-41.21	64300
-41.21	64350
-40.95	64350
-40.95	64400
-42.37	64400
-42.37	64450
-41.74	64450
-41.74	64500
-41.17	64500
-41.17	64550
-40.84	64550
-40.84	64600
-41.18	64600
-41.18	64650
-41.66	64650
-41.66	64700
-40.70	64700
-40.70	64750
-40.33	64750
-40.33	64800
-41.56	64800
-41.56	64850
-40.59	64850
-40.59	64900
-40.89	64900
-40.89	64950
-41.64	64950
-41.64	65000
-41.29	65000
-41.29	65050
-40.49	65050
-40.49	65100
-40.45	65100
-40.45	65150
-40.99	65150
-40.99	65200
-41.58	65200
-41.58	65250
-42.49	65250
-42.49	65300
-41.93	65300
-41.93	65350
-41.18	65350
-41.18	65400
-41.25	65400
-41.25	65450
-41.94	65450
-41.94	65500
-42.62	65500
-42.62	65550
-42.81	65550
-42.81	65600
-42.06	65600
-42.06	65650
-41.30	65650
-41.30	65700
-41.55	65700
-41.55	65750
-41.15	65750
-41.15	65800
-41.96	65800
-41.96	65850
-42.53	65850
-42.53	65900
-41.23	65900
-41.23	65950
-42.78	65950
-42.78	66000
-42.23	66000
-42.23	66050
-41.53	66050
-41.53	66100
-41.25	66100
-41.25	66150
-41.61	66150
-41.61	66200
-42.45	66200
-42.45	66250
-41.01	66250
-41.01	66300
-41.16	66300
-41.16	66350
-40.71	66350
-40.71	66400
-41.24	66400
-41.24	66450
-41.57	66450
-41.57	66500
-41.16	66500
-41.16	66550
-40.87	66550
-40.87	66600
-41.18	66600
-41.18	66650
-41.04	66650
-41.04	66700
-41.11	66700
-41.11	66750
-40.65	66750
-40.65	66800
-40.92	66800
-40.92	66850
-41.91	66850
-41.91	66900
-41.88	66900
-41.88	66950
-41.70	66950
-41.70	67000
-42.10	67000
-42.10	67050
-41.32	67050
-41.32	67100
-40.40	67100
-40.40	67150
-41.53	67150
-41.53	67200
-41.53	67200
-41.53	67250
-41.07	67250
-41.07	67300
-41.02	67300
-41.02	67350
-40.40	67350
-40.40	67400
-42.00	67400
-42.00	67450
-41.07	67450
-41.07	67500
-40.94	67500
-40.94	67550
-41.94	67550
-41.94	67600
-42.54	67600
-42.54	67650
-41.98	67650
-41.98	67700
-41.87	67700
-41.87	67750
-42.12	67750
-42.12	67800
-42.36	67800
-42.36	67850
-41.79	67850
-41.79	67900
-41.51	67900
-41.51	67950
-42.23	67950
-42.23	68000
-42.85	68000
-42.85	68050
-41.91	68050
-41.91	68100
-41.80	68100
-41.80	68150
-42.03	68150
-42.03	68200
-42.42	68200
-42.42	68250
-43.24	68250
-43.24	68300
-42.14	68300
-42.14	68350
-42.70	68350
-42.70	68400
-40.85	68400
-40.85	68450
-41.26	68450
-41.26	68500
-42.46	68500
-42.46	68550
-42.82	68550
-42.82	68600
-41.92	68600
-41.92	68650
-41.97	68650
-41.97	68700
-41.74	68700
-41.74	68750
-42.59	68750
-42.59	68800
-41.46	68800
-41.46	68850
-41.19	68850
-41.19	68900
-41.02	68900
-41.02	68950
-42.03	68950
-42.03	69000
-42.31	69000
-42.31	69050
-40.62	69050
-40.62	69100
-41.84	69100
-41.84	69150
-42.02	69150
-42.02	69200
-41.32	69200
-41.32	69250
-41.23	69250
-41.23	69300
-40.99	69300
-40.99	69350
-40.01	69350
-40.01	69400
-38.83	69400
-38.83	69450
-38.25	69450
-38.25	69500
-37.92	69500
-37.92	69550
-40.54	69550
-40.54	69600
-42.73	69600
-42.73	69650
-42.97	69650
-42.97	69700
-42.24	69700
-42.24	69750
-41.96	69750
-41.96	69800
-41.86	69800
-41.86	69850
-43.21	69850
-43.21	69900
-43.35	69900
-43.35	69950
-42.57	69950
-42.57	70000
-42.30	70000
-42.30	70050
-41.32	70050
-41.32	70100
-41.45	70100
-41.45	70150
-41.48	70150
-41.48	70200
-41.55	70200
-41.55	70250
-41.83	70250
-41.83	70300
-41.42	70300
-41.42	70350
-40.38	70350
-40.38	70400
-40.99	70400
-40.99	70450
-40.18	70450
-40.18	70500
-40.16	70500
-40.16	70550
-40.34	70550
-40.34	70600
-40.42	70600
-40.42	70650
-40.50	70650
-40.50	70700
-39.92	70700
-39.92	70750
-39.83	70750
-39.83	70800
-38.67	70800
-38.67	70850
-38.11	70850
-38.11	70900
-37.92	70900
-37.92	70950
-37.90	70950
-37.90	71000
-38.11	71000
-38.11	71050
-38.37	71050
-38.37	71100
-37.97	71100
-37.97	71150
-38.47	71150
-38.47	71200
-37.87	71200
-37.87	71250
-38.08	71250
-38.08	71300
-37.87	71300
-37.87	71350
-38.82	71350
-38.82	71400
-37.78	71400
-37.78	71450
-37.47	71450
-37.47	71500
-37.75	71500
-37.75	71550
-38.48	71550
-38.48	71600
-37.73	71600
-37.73	71650
-37.50	71650
-37.50	71700
-37.77	71700
-37.77	71750
-37.29	71750
-37.29	71800
-36.96	71800
-36.96	71850
-37.39	71850
-37.39	71900
-37.25	71900
-37.25	71950
-37.39	71950
-37.39	72000
-36.40	72000
-36.40	72050
-36.73	72050
-36.73	72100
-36.09	72100
-36.09	72150
-36.36	72150
-36.36	72200
-36.45	72200
-36.45	72250
-36.80	72250
-36.80	72300
-40.30	72300
-40.30	72350
-42.41	72350
-42.41	72400
-42.82	72400
-42.82	72450
-42.13	72450
-42.13	72500
-42.77	72500
-42.77	72550
-42.69	72550
-42.69	72600
-43.46	72600
-43.46	72650
-43.24	72650
-43.24	72700
-43.66	72700
-43.66	72750
-43.55	72750
-43.55	72800
-41.85	72800
-41.85	72850
-41.94	72850
-41.94	72900
-42.42	72900
-42.42	72950
-41.96	72950
-41.96	73000
-43.15	73000
-43.15	73050
-42.60	73050
-42.60	73100
-41.61	73100
-41.61	73150
-41.98	73150
-41.98	73200
-42.33	73200
-42.33	73250
-42.67	73250
-42.67	73300
-43.27	73300
-43.27	73350
-43.74	73350
-43.74	73400
-43.50	73400
-43.50	73450
-43.01	73450
-43.01	73500
-43.31	73500
-43.31	73550
-43.05	73550
-43.05	73600
-42.68	73600
-42.68	73650
-43.22	73650
-43.22	73700
-43.55	73700
-43.55	73750
-44.03	73750
-44.03	73800
-42.62	73800
-42.62	73850
-42.87	73850
-42.87	73900
-43.50	73900
-43.50	73950
-42.35	73950
-42.35	74000
-42.14	74000
-42.14	74050
-40.81	74050
-40.81	74100
-40.84	74100
-40.84	74150
-39.86	74150
-39.86	74200
-38.59	74200
-38.59	74250
-39.24	74250
-39.24	74300
-39.88	74300
-39.88	74350
-39.49	74350
-39.49	74400
-39.26	74400
-39.26	74450
-38.96	74450
-38.96	74500
-39.13	74500
-39.13	74550
-39.29	74550
-39.29	74600
-39.46	74600
-39.46	74650
-38.89	74650
-38.89	74700
-38.88	74700
-38.88	74750
-38.82	74750
-38.82	74800
-38.46	74800
-38.46	74850
-38.19	74850
-38.19	74900
-38.48	74900
-38.48	74950
-38.24	74950
-38.24	75000
-38.18	75000
-38.18	75050
-38.54	75050
-38.54	75100
-38.50	75100
-38.50	75150
-37.91	75150
-37.91	75200
-38.05	75200
-38.05	75250
-38.34	75250
-38.34	75300
-37.90	75300
-37.90	75350
-38.28	75350
-38.28	75400
-37.70	75400
-37.70	75450
-38.20	75450
-38.20	75500
-37.39	75500
-37.39	75550
-37.75	75550
-37.75	75600
-37.10	75600
-37.10	75650
-37.05	75650
-37.05	75700
-36.97	75700
-36.97	75750
-37.38	75750
-37.38	75800
-37.32	75800
-37.32	75850
-37.40	75850
-37.40	75900
-37.48	75900
-37.48	75950
-36.98	75950
-36.98	76000
-36.89	76000
-36.89	76050
-36.42	76050
-36.42	76100
-36.96	76100
-36.96	76150
-36.82	76150
-36.82	76200
-36.71	76200
-36.71	76250
-36.60	76250
-36.60	76300
-36.59	76300
-36.59	76350
-37.27	76350
-37.27	76400
-40.17	76400
-40.17	76450
-41.90	76450
-41.90	76500
-41.89	76500
-41.89	76550
-41.05	76550
-41.05	76600
-42.16	76600
-42.16	76650
-41.56	76650
-41.56	76700
-41.11	76700
-41.11	76750
-41.16	76750
-41.16	76800
-41.42	76800
-41.42	76850
-42.18	76850
-42.18	76900
-42.92	76900
-42.92	76950
-41.88	76950
-41.88	77000
-40.95	77000
-40.95	77050
-41.95	77050
-41.95	77100
-42.33	77100
-42.33	77150
-41.50	77150
-41.50	77200
-41.40	77200
-41.40	77250
-41.53	77250
-41.53	77300
-42.18	77300
-42.18	77350
-41.84	77350
-41.84	77400
-42.27	77400
-42.27	77450
-42.30	77450
-42.30	77500
-42.31	77500
-42.31	77550
-41.73	77550
-41.73	77600
-40.77	77600
-40.77	77650
-40.43	77650
-40.43	77700
-40.44	77700
-40.44	77750
-38.64	77750
-38.64	77800
-39.25	77800
-39.25	77850
-38.63	77850
-38.63	77900
-38.56	77900
-38.56	77950
-38.61	77950
-38.61	78000
-38.62	78000
-38.62	78050
-39.01	78050
-39.01	78100
-39.87	78100
-39.87	78150
-40.15	78150
-40.15	78200
-39.55	78200
-39.55	78250
-39.89	78250
-39.89	78300
-39.55	78300
-39.55	78350
-39.23	78350
-39.23	78400
-39.09	78400
-39.09	78450
-39.17	78450
-39.17	78500
-39.34	78500
-39.34	78550
-38.90	78550
-38.90	78600
-38.71	78600
-38.71	78650
-39.14	78650
-39.14	78700
-37.84	78700
-37.84	78750
-38.24	78750
-38.24	78800
-38.24	78800
-38.24	78850
-38.30	78850
-38.30	78900
-38.15	78900
-38.15	78950
-38.23	78950
-38.23	79000
-38.48	79000
-38.48	79050
-38.39	79050
-38.39	79100
-37.61	79100
-37.61	79150
-37.38	79150
-37.38	79200
-39.13	79200
-39.13	79250
-38.93	79250
-38.93	79300
-38.85	79300
-38.85	79350
-39.16	79350
-39.16	79400
-38.84	79400
-38.84	79450
-38.41	79450
-38.41	79500
-39.17	79500
-39.17	79550
-38.89	79550
-38.89	79600
-39.07	79600
-39.07	79650
-38.47	79650
-38.47	79700
-39.04	79700
-39.04	79750
-39.30	79750
-39.30	79800
-38.09	79800
-38.09	79850
-38.76	79850
-38.76	79900
-38.37	79900
-38.37	79950
-38.31	79950
-38.31	80000
-38.35	80000
-38.35	80050
-38.33	80050
-38.33	80100
-37.90	80100
-37.90	80150
-38.68	80150
-38.68	80200
-38.70	80200
-38.70	80250
-37.90	80250
-37.90	80300
-38.18	80300
-38.18	80350
-38.52	80350
-38.52	80400
-38.27	80400
-38.27	80450
-37.80	80450
-37.80	80500
-37.96	80500
-37.96	80550
-38.15	80550
-38.15	80600
-38.23	80600
-38.23	80650
-37.82	80650
-37.82	80700
-38.08	80700
-38.08	80750
-38.25	80750
-38.25	80800
-37.85	80800
-37.85	80850
-37.43	80850
-37.43	80900
-37.74	80900
-37.74	80950
-37.92	80950
-37.92	81000
-37.30	81000
-37.30	81050
-38.15	81050
-38.15	81100
-37.72	81100
-37.72	81150
-37.48	81150
-37.48	81200
-36.94	81200
-36.94	81250
-37.42	81250
-37.42	81300
-37.27	81300
-37.27	81350
-37.53	81350
-37.53	81400
-37.05	81400
-37.05	81450
-37.44	81450
-37.44	81500
-37.20	81500
-37.20	81550
-37.21	81550
-37.21	81600
-37.05	81600
-37.05	81650
-36.78	81650
-36.78	81700
-37.05	81700
-37.05	81750
-36.51	81750
-36.51	81800
-36.79	81800
-36.79	81850
-36.64	81850
-36.64	81900
-37.14	81900
-37.14	81950
-36.86	81950
-36.86	82000
-36.50	82000
-36.50	82050
-36.97	82050
-36.97	82100
-37.07	82100
-37.07	82150
-36.90	82150
-36.90	82200
-36.69	82200
-36.69	82250
-36.91	82250
-36.91	82300
-37.53	82300
-37.53	82350
-37.35	82350
-37.35	82400
-37.06	82400
-37.06	82450
-37.15	82450
-37.15	82500
-37.23	82500
-37.23	82550
-36.36	82550
-36.36	82600
-36.96	82600
-36.96	82650
-36.90	82650
-36.90	82700
-36.94	82700
-36.94	82750
-36.93	82750
-36.93	82800
-36.77	82800
-36.77	82850
-37.01	82850
-37.01	82900
-37.06	82900
-37.06	82950
-36.78	82950
-36.78	83000
-35.90	83000
-35.90	83050
-36.09	83050
-36.09	83100
-36.52	83100
-36.52	83150
-37.06	83150
-37.06	83200
-36.93	83200
-36.93	83250
-36.88	83250
-36.88	83300
-36.65	83300
-36.65	83350
-37.16	83350
-37.16	83400
-36.91	83400
-36.91	83450
-36.55	83450
-36.55	83500
-35.87	83500
-35.87	83550
-36.30	83550
-36.30	83600
-36.19	83600
-36.19	83650
-36.04	83650
-36.04	83700
-36.65	83700
-36.65	83750
-37.03	83750
-37.03	83800
-36.73	83800
-36.73	83850
-36.64	83850
-36.64	83900
-36.42	83900
-36.42	83950
-36.42	83950
-36.42	84000
-36.42	84000
-36.42	84050
-36.55	84050
-36.55	84100
-37.18	84100
-37.18	84150
-36.57	84150
-36.57	84200
-36.80	84200
-36.80	84250
-36.56	84250
-36.56	84300
-36.47	84300
-36.47	84350
-35.99	84350
-35.99	84400
-36.09	84400
-36.09	84450
-36.08	84450
-36.08	84500
-35.77	84500
-35.77	84550
-35.77	84550
-35.77	84600
-35.18	84600
-35.18	84650
-35.69	84650
-35.69	84700
-38.16	84700
-38.16	84750
-38.39	84750
-38.39	84800
-38.94	84800
-38.94	84850
-38.59	84850
-38.59	84900
-37.84	84900
-37.84	84950
-36.04	84950
-36.04	85000
-38.33	85000
-38.33	85050
-38.94	85050
-38.94	85100
-38.78	85100
-38.78	85150
-38.79	85150
-38.79	85200
-38.28	85200
-38.28	85250
-38.48	85250
-38.48	85300
-38.68	85300
-38.68	85350
-38.52	85350
-38.52	85400
-39.02	85400
-39.02	85450
-38.62	85450
-38.62	85500
-38.97	85500
-38.97	85550
-39.78	85550
-39.78	85600
-39.06	85600
-39.06	85650
-39.05	85650
-39.05	85700
-39.25	85700
-39.25	85750
-39.21	85750
-39.21	85800
-38.36	85800
-38.36	85850
-39.13	85850
-39.13	85900
-39.77	85900
-39.77	85950
-39.04	85950
-39.04	86000
-39.45	86000
-39.45	86050
-39.19	86050
-39.19	86100
-39.45	86100
-39.45	86150
-39.85	86150
-39.85	86200
-39.72	86200
-39.72	86250
-39.56	86250
-39.56	86300
-39.66	86300
-39.66	86350
-39.60	86350
-39.60	86400
-40.08	86400
-40.08	86450
-39.95	86450
-39.95	86500
-39.80	86500
-39.80	86550
-40.15	86550
-40.15	86600
-39.71	86600
-39.71	86650
-40.23	86650
-40.23	86700
-39.54	86700
-39.54	86750
-40.82	86750
-40.82	86800
-40.44	86800
-40.44	86850
-40.47	86850
-40.47	86900
-40.28	86900
-40.28	86950
-41.16	86950
-41.16	87000
-40.66	87000
-40.66	87050
-41.26	87050
-41.26	87100
-41.15	87100
-41.15	87150
-39.35	87150
-39.35	87200
-39.33	87200
-39.33	87250
-40.12	87250
-40.12	87300
-40.59	87300
-40.59	87350
-39.85	87350
-39.85	87400
-40.08	87400
-40.08	87450
-40.04	87450
-40.04	87500
-39.86	87500
-39.86	87550
-39.84	87550
-39.84	87600
-38.72	87600
-38.72	87650
-37.96	87650
-37.96	87700
-38.19	87700
-38.19	87750
-38.61	87750
-38.61	87800
-38.96	87800
-38.96	87850
-39.62	87850
-39.62	87900
-39.43	87900
-39.43	87950
-38.79	87950
-38.79	88000
-38.12	88000
-38.12	88050
-38.32	88050
-38.32	88100
-38.38	88100
-38.38	88150
-38.44	88150
-38.44	88200
-38.52	88200
-38.52	88250
-37.93	88250
-37.93	88300
-37.66	88300
-37.66	88350
-37.89	88350
-37.89	88400
-37.84	88400
-37.84	88450
-37.96	88450
-37.96	88500
-38.20	88500
-38.20	88550
-38.25	88550
-38.25	88600
-38.03	88600
-38.03	88650
-38.25	88650
-38.25	88700
-38.35	88700
-38.35	88750
-39.04	88750
-39.04	88800
-38.73	88800
-38.73	88850
-38.60	88850
-38.60	88900
-37.98	88900
-37.98	88950
-38.07	88950
-38.07	89000
-37.80	89000
-37.80	89050
-37.86	89050
-37.86	89100
-38.23	89100
-38.23	89150
-38.05	89150
-38.05	89200
-38.11	89200
-38.11	89250
-37.33	89250
-37.33	89300
-37.38	89300
-37.38	89350
-37.63	89350
-37.63	89400
-37.69	89400
-37.69	89450
-37.79	89450
-37.79	89500
-37.77	89500
-37.77	89550
-37.69	89550
-37.69	89600
-37.47	89600
-37.47	89650
-37.70	89650
-37.70	89700
-38.06	89700
-38.06	89750
-38.09	89750
-38.09	89800
-38.57	89800
-38.57	89850
-38.42	89850
-38.42	89900
-37.91	89900
-37.91	89950
-38.19	89950
-38.19	90000
-39.91	90000
-39.91	90050
-39.68	90050
-39.68	90100
-39.12	90100
-39.12	90150
-38.80	90150
-38.80	90200
-39.42	90200
-39.42	90250
-39.03	90250
-39.03	90300
-39.04	90300
-39.04	90350
-39.03	90350
-39.03	90400
-38.92	90400
-38.92	90450
-38.90	90450
-38.90	90500
-38.88	90500
-38.88	90550
-38.77	90550
-38.77	90600
-39.26	90600
-39.26	90650
-39.82	90650
-39.82	90700
-39.47	90700
-39.47	90750
-39.44	90750
-39.44	90800
-39.28	90800
-39.28	90850
-38.69	90850
-38.69	90900
-39.35	90900
-39.35	90950
-39.05	90950
-39.05	91000
-38.73	91000
-38.73	91050
-39.28	91050
-39.28	91100
-39.68	91100
-39.68	91150
-39.38	91150
-39.38	91200
-39.39	91200
-39.39	91250
-38.75	91250
-38.75	91300
-39.39	91300
-39.39	91350
-39.39	91350
-39.39	91400
-39.53	91400
-39.53	91450
-39.86	91450
-39.86	91500
-39.19	91500
-39.19	91550
-38.90	91550
-38.90	91600
-39.63	91600
-39.63	91650
-39.97	91650
-39.97	91700
-39.57	91700
-39.57	91750
-39.64	91750
-39.64	91800
-39.85	91800
-39.85	91850
-39.20	91850
-39.20	91900
-38.99	91900
-38.99	91950
-39.62	91950
-39.62	92000
-39.23	92000
-39.23	92050
-39.78	92050
-39.78	92100
-39.69	92100
-39.69	92150
-38.96	92150
-38.96	92200
-39.66	92200
-39.66	92250
-39.21	92250
-39.21	92300
-39.76	92300
-39.76	92350
-38.78	92350
-38.78	92400
-39.03	92400
-39.03	92450
-39.40	92450
-39.40	92500
-39.02	92500
-39.02	92550
-39.41	92550
-39.41	92600
-39.52	92600
-39.52	92650
-39.53	92650
-39.53	92700
-39.86	92700
-39.86	92750
-39.49	92750
-39.49	92800
-40.09	92800
-40.09	92850
-40.47	92850
-40.47	92900
-39.37	92900
-39.37	92950
-39.34	92950
-39.34	93000
-39.84	93000
-39.84	93050
-39.38	93050
-39.38	93100
-39.23	93100
-39.23	93150
-39.27	93150
-39.27	93200
-39.26	93200
-39.26	93250
-39.38	93250
-39.38	93300
-39.51	93300
-39.51	93350
-39.38	93350
-39.38	93400
-39.36	93400
-39.36	93450
-39.24	93450
-39.24	93500
-38.95	93500
-38.95	93550
-38.66	93550
-38.66	93600
-39.33	93600
-39.33	93650
-39.02	93650
-39.02	93700
-39.42	93700
-39.42	93750
-39.39	93750
-39.39	93800
-39.23	93800
-39.23	93850
-39.20	93850
-39.20	93900
-38.66	93900
-38.66	93950
-39.12	93950
-39.12	94000
-39.24	94000
-39.24	94050
-39.25	94050
-39.25	94100
-39.28	94100
-39.28	94150
-39.21	94150
-39.21	94200
-39.02	94200
-39.02	94250
-39.38	94250
-39.38	94300
-39.37	94300
-39.37	94350
-38.70	94350
-38.70	94400
-38.57	94400
-38.57	94450
-38.82	94450
-38.82	94500
-38.88	94500
-38.88	94550
-38.84	94550
-38.84	94600
-38.82	94600
-38.82	94650
-38.40	94650
-38.40	94700
-38.49	94700
-38.49	94750
-38.74	94750
-38.74	94800
-38.90	94800
-38.90	94850
-38.98	94850
-38.98	94900
-39.30	94900
-39.30	94950
-39.25	94950
-39.25	95000
-39.16	95000
-39.16	95050
-39.23	95050
-39.23	95100
-39.11	95100
-39.11	95150
-38.33	95150
-38.33	95200
-38.91	95200
-38.91	95250
-39.40	95250
-39.40	95300
-38.38	95300
-38.38	95350
-38.37	95350
-38.37	95400
-38.52	95400
-38.52	95450
-38.52	95450
-38.52	95500
-38.55	95500
-38.55	95550
-38.73	95550
-38.73	95600
-38.73	95600
-38.73	95650
-38.73	95650
-38.73	95700
-39.09	95700
-39.09	95750
-38.83	95750
-38.83	95800
-38.52	95800
-38.52	95850
-38.73	95850
-38.73	95900
-38.64	95900
-38.64	95950
-38.47	95950
-38.47	96000
-38.52	96000
-38.52	96050
-38.66	96050
-38.66	96100
-38.89	96100
-38.89	96150
-38.91	96150
-38.91	96200
-38.89	96200
-38.89	96250
-38.87	96250
-38.87	96300
-38.91	96300
-38.91	96350
-38.75	96350
-38.75	96400
-38.58	96400
-38.58	96450
-38.17	96450
-38.17	96500
-38.55	96500
-38.55	96550
-38.74	96550
-38.74	96600
-39.51	96600
-39.51	96650
-39.14	96650
-39.14	96700
-38.77	96700
-38.77	96750
-38.77	96750
-38.77	96800
-38.80	96800
-38.80	96850
-38.88	96850
-38.88	96900
-38.86	96900
-38.86	96950
-38.84	96950
-38.84	97000
-38.97	97000
-38.97	97050
-38.96	97050
-38.96	97100
-38.90	97100
-38.90	97150
-38.28	97150
-38.28	97200
-38.21	97200
-38.21	97250
-38.45	97250
-38.45	97300
-38.56	97300
-38.56	97350
-38.56	97350
-38.56	97400
-38.49	97400
-38.49	97450
-38.55	97450
-38.55	97500
-38.70	97500
-38.70	97550
-38.58	97550
-38.58	97600
-38.31	97600
-38.31	97650
-38.27	97650
-38.27	97700
-38.16	97700
-38.16	97750
-38.18	97750
-38.18	97800
-38.24	97800
-38.24	97850
-38.27	97850
-38.27	97900
-38.34	97900
-38.34	97950
-38.35	97950
-38.35	98000
-38.35	98000
-38.35	98050
-38.32	98050
-38.32	98100
-38.03	98100
-38.03	98150
-38.05	98150
-38.05	98200
-38.23	98200
-38.23	98250
-38.25	98250
-38.25	98300
-38.20	98300
-38.20	98350
-38.14	98350
-38.14	98400
-37.71	98400
-37.71	98450
-37.79	98450
-37.79	98500
-37.91	98500
-37.91	98550
-38.15	98550
-38.15	98600
-37.88	98600
-37.88	98650
-37.96	98650
-37.96	98700
-38.32	98700
-38.32	98750
-37.91	98750
-37.91	98800
-38.11	98800
-38.11	98850
-38.02	98850
-38.02	98900
-37.15	98900
-37.15	98950
-38.01	98950
-38.01	99000
-37.97	99000
-37.97	99050
-37.49	99050
-37.49	99100
-37.92	99100
-37.92	99150
-37.60	99150
-37.60	99200
-37.27	99200
-37.27	99250
-37.45	99250
-37.45	99300
-37.49	99300
-37.49	99350
-37.65	99350
-37.65	99400
-37.97	99400
-37.97	99450
-38.12	99450
-38.12	99500
-37.85	99500
-37.85	99550
-37.65	99550
-37.65	99600
-37.48	99600
-37.48	99650
-37.88	99650
-37.88	99700
-37.77	99700
-37.77	99750
-37.65	99750
-37.65	99800
-37.55	99800
-37.55	99850
-37.83	99850
-37.83	99900
-37.86	99900
-37.86	99950
-37.76	99950
-37.76	100000
-37.42	100000
-37.42	100050
-37.42	100050
-37.42	100100
-37.35	100100
-37.35	100150
-37.29	100150
-37.29	100200
-37.36	100200
-37.36	100250
-37.14	100250
-37.14	100300
-37.21	100300
-37.21	100350
-37.39	100350
-37.39	100400
-37.02	100400
-37.02	100450
-37.32	100450
-37.32	100500
-37.39	100500
-37.39	100550
-37.08	100550
-37.08	100600
-36.98	100600
-36.98	100650
-37.01	100650
-37.01	100700
-37.07	100700
-37.07	100750
-37.02	100750
-37.02	100800
-37.22	100800
-37.22	100850
-37.30	100850
-37.30	100900
-37.25	100900
-37.25	100950
-36.93	100950
-36.93	101000
-37.03	101000
-37.03	101050
-37.05	101050
-37.05	101100
-36.84	101100
-36.84	101150
-36.91	101150
-36.91	101200
-37.24	101200
-37.24	101250
-37.41	101250
-37.41	101300
-37.21	101300
-37.21	101350
-37.33	101350
-37.33	101400
-37.19	101400
-37.19	101450
-37.08	101450
-37.08	101500
-37.35	101500
-37.35	101550
-36.77	101550
-36.77	101600
-36.64	101600
-36.64	101650
-36.67	101650
-36.67	101700
-36.78	101700
-36.78	101750
-36.75	101750
-36.75	101800
-36.77	101800
-36.77	101850
-36.73	101850
-36.73	101900
-36.51	101900
-36.51	101950
-36.76	101950
-36.76	102000
-36.71	102000
-36.71	102050
-36.61	102050
-36.61	102100
-36.52	102100
-36.52	102150
-36.45	102150
-36.45	102200
-36.61	102200
-36.61	102250
-36.45	102250
-36.45	102300
-36.25	102300
-36.25	102350
-37.07	102350
-37.07	102400
-36.72	102400
-36.72	102450
-36.65	102450
-36.65	102500
-36.52	102500
-36.52	102550
-36.15	102550
-36.15	102600
-36.88	102600
-36.88	102650
-36.44	102650
-36.44	102700
-36.41	102700
-36.41	102750
-36.91	102750
-36.91	102800
-36.44	102800
-36.44	102850
-36.35	102850
-36.35	102900
-36.44	102900
-36.44	102950
-36.44	102950
-36.44	103000
-36.16	103000
-36.16	103050
-35.66	103050
-35.66	103100
-35.80	103100
-35.80	103150
-35.82	103150
-35.82	103200
-35.87	103200
-35.87	103250
-36.53	103250
-36.53	103300
-36.58	103300
-36.58	103350
-36.77	103350
-36.77	103400
-36.77	103400
-36.77	103450
-36.39	103450
-36.39	103500
-36.74	103500
-36.74	103550
-36.75	103550
-36.75	103600
-37.01	103600
-37.01	103650
-37.38	103650
-37.38	103700
-36.52	103700
-36.52	103750
-36.77	103750
-36.77	103800
-37.22	103800
-37.22	103850
-37.67	103850
-37.67	103900
-38.09	103900
-38.09	103950